date,india,china,europe,singapore,usa,
01/01/2010,34,39,53,12,67,S10_1678
02/01/2010,43,70,79,57,132,S10_1678
03/01/2010,46,56,59,23,86,S10_1678
04/01/2010,33,72,58,54,133,S10_1678
05/01/2010,42,52,96,40,128,S10_1678
06/01/2010,34,46,76,38,141,S10_1678
07/01/2010,47,53,84,27,114,S10_1678
08/01/2010,33,43,65,24,95,S10_1678
09/01/2010,24,68,86,18,101,S10_1678
10/01/2010,26,49,74,33,164,S10_1678
11/01/2010,30,74,70,30,104,S10_1678
12/01/2010,43,26,46,31,57,S10_1678
13/01/2010,25,68,104,54,126,S10_1678
14/01/2010,27,38,46,36,74,S10_1678
15/01/2010,27,96,82,62,130,S10_1678
16/01/2010,24,36,86,61,104,S10_1678
17/01/2010,34,53,50,28,104,S10_1678
18/01/2010,46,72,68,24,160,S10_1678
19/01/2010,27,50,63,34,130,S10_1678
20/01/2010,33,40,44,22,79,S10_1678
21/01/2010,47,62,78,37,78,S10_1678
22/01/2010,49,54,54,17,99,S10_1678
23/01/2010,40,20,30,32,54,S10_1678
24/01/2010,37,39,74,20,105,S10_1678
25/01/2010,47,56,53,50,81,S10_1678
26/01/2010,45,54,77,35,96,S10_1678
27/01/2010,37,52,100,32,92,S10_1949
28/01/2010,48,77,106,43,125,S10_1949
29/01/2010,31,44,55,32,81,S10_1949
30/01/2010,46,39,78,31,152,S10_1949
31/01/2010,47,44,52,29,78,S10_1949
01/02/2010,28,33,43,13,60,S10_1949
02/02/2010,40,50,53,31,124,S10_1949
03/02/2010,20,29,55,35,64,S10_1949
04/02/2010,39,24,46,33,68,S10_1949
05/02/2010,25,78,101,32,133,S10_1949
06/02/2010,29,68,82,27,109,S10_1949
07/02/2010,22,75,125,70,195,S10_1949
08/02/2010,22,49,72,49,129,S10_1949
09/02/2010,47,41,82,48,116,S10_1949
10/02/2010,45,77,82,22,116,S10_1949
11/02/2010,29,58,77,45,122,S10_1949
12/02/2010,24,39,69,39,96,S10_1949
13/02/2010,35,37,54,37,112,S10_1949
14/02/2010,46,56,53,56,91,S10_1949
15/02/2010,44,53,78,53,94,S10_1949
16/02/2010,34,51,68,31,122,S10_1949
17/02/2010,35,30,46,24,70,S10_1949
18/02/2010,25,44,52,31,65,S10_1949
19/02/2010,10,41,54,41,92,S10_1949
20/02/2010,29,51,58,51,105,S10_1949
21/02/2010,39,42,40,34,76,S10_1949
22/02/2010,42,43,68,53,121,S10_1949
23/02/2010,46,80,94,75,146,S10_1949
24/02/2010,49,43,43,38,96,S10_2016
25/02/2010,27,69,108,69,146,S10_2016
26/02/2010,50,70,70,70,158,S10_2016
27/02/2010,43,41,60,22,96,S10_2016
28/02/2010,38,83,78,23,147,S10_2016
01/03/2010,20,75,105,40,130,S10_2016
02/03/2010,27,52,99,66,179,S10_2016
03/03/2010,49,34,62,20,112,S10_2016
04/03/2010,27,40,32,29,76,S10_2016
05/03/2010,39,42,70,53,105,S10_2016
06/03/2010,24,47,62,47,93,S10_2016
07/03/2010,45,34,50,27,78,S10_2016
08/03/2010,20,62,62,23,148,S10_2016
09/03/2010,36,53,66,46,83,S10_2016
10/03/2010,24,26,36,14,96,S10_2016
11/03/2010,49,98,98,69,191,S10_2016
12/03/2010,26,45,63,40,90,S10_2016
13/03/2010,49,52,74,63,141,S10_2016
14/03/2010,34,32,67,15,104,S10_2016
15/03/2010,34,22,42,34,50,S10_2016
16/03/2010,33,31,55,19,70,S10_2016
17/03/2010,22,56,77,39,163,S10_2016
18/03/2010,39,67,101,48,178,S10_2016
19/03/2010,32,43,51,24,76,S10_2016
20/03/2010,24,78,74,83,181,S10_2016
21/03/2010,21,51,51,32,118,S10_2016
22/03/2010,24,50,84,25,160,S10_4698
23/03/2010,36,82,98,49,156,S10_4698
24/03/2010,20,44,64,40,156,S10_4698
25/03/2010,30,40,55,15,73,S10_4698
26/03/2010,44,44,39,26,70,S10_4698
27/03/2010,28,90,86,27,158,S10_4698
28/03/2010,37,34,59,34,67,S10_4698
29/03/2010,20,65,77,43,172,S10_4698
30/03/2010,25,50,50,17,92,S10_4698
31/03/2010,35,35,58,38,98,S10_4698
01/04/2010,38,38,84,27,125,S10_4698
02/04/2010,41,51,106,37,156,S10_4698
03/04/2010,22,86,99,23,108,S10_4698
04/04/2010,49,54,108,54,127,S10_4698
05/04/2010,38,58,54,54,97,S10_4698
06/04/2010,33,28,42,48,67,S10_4698
07/04/2010,36,43,69,34,103,S10_4698
08/04/2010,34,72,82,29,110,S10_4698
09/04/2010,24,28,48,35,81,S10_4698
10/04/2010,36,47,83,54,115,S10_4698
11/04/2010,34,50,53,33,93,S10_4698
12/04/2010,41,67,81,26,141,S10_4698
13/04/2010,46,44,35,21,55,S10_4698
14/04/2010,24,24,40,34,80,S10_4698
15/04/2010,21,50,43,18,98,S10_4698
16/04/2010,24,22,32,30,68,S10_4698
17/04/2010,48,33,45,33,87,S10_4757
18/04/2010,26,77,77,67,130,S10_4757
19/04/2010,37,72,113,54,131,S10_4757
20/04/2010,49,46,73,17,75,S10_4757
21/04/2010,34,51,65,30,105,S10_4757
22/04/2010,48,65,91,23,148,S10_4757
23/04/2010,36,67,120,77,158,S10_4757
24/04/2010,46,59,98,39,137,S10_4757
25/04/2010,46,52,67,37,122,S10_4757
26/04/2010,31,43,73,60,103,S10_4757
27/04/2010,41,67,70,48,93,S10_4757
28/04/2010,21,40,62,34,96,S10_4757
29/04/2010,38,58,54,22,115,S10_4757
30/04/2010,45,38,40,29,65,S10_4757
01/05/2010,26,43,53,37,115,S10_4757
02/05/2010,38,58,106,48,115,S10_4757
03/05/2010,48,76,92,20,152,S10_4757
04/05/2010,42,86,77,43,168,S10_4757
05/05/2010,49,80,105,55,113,S10_4757
06/05/2010,32,23,40,21,67,S10_4757
07/05/2010,54,59,83,44,186,S10_4757
08/05/2010,33,68,79,22,122,S10_4757
09/05/2010,36,56,82,56,155,S10_4757
10/05/2010,20,44,42,26,83,S10_4757
11/05/2010,29,59,108,59,158,S10_4757
12/05/2010,33,30,40,23,63,S10_4757
13/05/2010,50,36,53,19,62,S10_4757
14/05/2010,41,54,93,54,152,S10_4962
15/05/2010,36,29,64,38,67,S10_4962
16/05/2010,27,70,70,66,90,S10_4962
17/05/2010,47,62,120,58,139,S10_4962
18/05/2010,33,42,61,42,90,S10_4962
19/05/2010,21,60,90,52,146,S10_4962
20/05/2010,21,30,50,23,85,S10_4962
21/05/2010,41,96,101,58,192,S10_4962
22/05/2010,40,45,60,42,99,S10_4962
23/05/2010,28,43,59,37,78,S10_4962
24/05/2010,23,50,48,40,90,S10_4962
25/05/2010,23,52,56,26,130,S10_4962
26/05/2010,25,46,56,56,84,S10_4962
27/05/2010,24,61,57,42,141,S10_4962
28/05/2010,39,33,63,36,86,S10_4962
29/05/2010,55,43,94,20,98,S10_4962
30/05/2010,46,51,70,62,117,S10_4962
31/05/2010,50,37,51,35,76,S10_4962
01/06/2010,47,31,50,47,84,S10_4962
02/06/2010,97,66,84,26,123,S10_4962
03/06/2010,32,75,97,44,136,S10_4962
04/06/2010,35,51,82,58,95,S10_4962
05/06/2010,49,51,65,35,62,S10_4962
06/06/2010,38,82,91,72,178,S10_4962
07/06/2010,32,49,73,29,110,S10_4962
08/06/2010,34,87,74,32,170,S10_4962
09/06/2010,36,53,62,19,121,S10_4962
10/06/2010,48,85,103,47,160,S10_4962
11/06/2010,21,60,100,75,200,S12_1099
12/06/2010,21,28,50,17,76,S12_1099
13/06/2010,34,50,53,13,90,S12_1099
14/06/2010,46,61,67,16,122,S12_1099
15/06/2010,32,38,65,14,65,S12_1099
16/06/2010,29,29,43,26,65,S12_1099
17/06/2010,41,67,106,62,144,S12_1099
18/06/2010,43,53,97,31,176,S12_1099
19/06/2010,24,96,115,38,125,S12_1099
20/06/2010,41,49,80,30,125,S12_1099
21/06/2010,46,72,96,60,100,S12_1099
22/06/2010,32,65,68,42,87,S12_1099
23/06/2010,22,21,46,15,78,S12_1099
24/06/2010,29,69,106,55,143,S12_1099
25/06/2010,42,50,72,58,119,S12_1099
26/06/2010,39,90,77,68,149,S12_1099
27/06/2010,27,76,67,34,113,S12_1099
28/06/2010,48,55,44,44,75,S12_1099
29/06/2010,29,58,58,34,136,S12_1099
30/06/2010,27,30,40,34,80,S12_1099
01/07/2010,54,45,53,25,60,S12_1099
02/07/2010,26,41,39,14,81,S12_1099
03/07/2010,34,58,64,41,99,S12_1099
04/07/2010,25,36,53,22,109,S12_1099
05/07/2010,23,75,84,66,176,S12_1099
06/07/2010,28,63,76,71,139,S12_1108
07/07/2010,35,70,62,23,148,S12_1108
08/07/2010,44,61,57,57,114,S12_1108
09/07/2010,22,38,62,30,105,S12_1108
10/07/2010,42,57,76,61,106,S12_1108
11/07/2010,29,67,77,46,98,S12_1108
12/07/2010,32,48,58,41,88,S12_1108
13/07/2010,41,56,64,36,90,S12_1108
14/07/2010,26,61,80,49,95,S12_1108
15/07/2010,21,46,44,30,67,S12_1108
16/07/2010,34,60,48,45,87,S12_1108
17/07/2010,41,75,84,22,176,S12_1108
18/07/2010,37,82,95,73,133,S12_1108
19/07/2010,37,78,115,55,120,S12_1108
20/07/2010,41,51,78,48,126,S12_1108
21/07/2010,46,66,66,50,89,S12_1108
22/07/2010,40,21,48,29,74,S12_1108
23/07/2010,43,20,48,20,46,S12_1108
24/07/2010,30,58,67,29,74,S12_1108
25/07/2010,35,29,64,49,102,S12_1108
26/07/2010,36,60,103,43,120,S12_1108
27/07/2010,61,35,64,17,90,S12_1108
28/07/2010,38,92,74,60,133,S12_1108
29/07/2010,39,29,38,17,89,S12_1108
30/07/2010,33,45,64,39,78,S12_1108
31/07/2010,32,56,80,64,136,S12_1108
01/08/2010,31,61,68,27,103,S12_1666
02/08/2010,50,36,61,58,144,S12_1666
03/08/2010,48,51,43,38,84,S12_1666
04/08/2010,43,34,50,32,74,S12_1666
05/08/2010,25,38,40,19,61,S12_1666
06/08/2010,28,74,110,74,179,S12_1666
07/08/2010,36,55,120,30,140,S12_1666
08/08/2010,27,83,108,25,162,S12_1666
09/08/2010,25,29,61,26,96,S12_1666
10/08/2010,40,54,57,43,65,S12_1666
11/08/2010,34,86,115,58,120,S12_1666
12/08/2010,50,56,67,42,73,S12_1666
13/08/2010,38,62,50,37,105,S12_1666
14/08/2010,37,96,77,34,134,S12_1666
15/08/2010,43,45,42,28,70,S12_1666
16/08/2010,43,34,50,16,78,S12_1666
17/08/2010,46,47,68,50,122,S12_1666
18/08/2010,42,58,77,67,178,S12_1666
19/08/2010,50,74,59,43,156,S12_1666
20/08/2010,44,61,58,25,133,S12_1666
21/08/2010,27,63,56,53,88,S12_1666
22/08/2010,35,43,36,14,94,S12_1666
23/08/2010,51,82,98,57,98,S12_1666
24/08/2010,41,40,62,50,124,S12_1666
25/08/2010,48,37,93,59,141,S12_1666
26/08/2010,42,80,92,64,156,S12_1666
27/08/2010,49,40,79,56,102,S12_1666
28/08/2010,30,46,73,35,104,S12_1666
29/08/2010,45,29,53,26,64,S12_2823
30/08/2010,48,28,58,12,90,S12_2823
31/08/2010,32,74,70,70,98,S12_2823
01/09/2010,46,59,93,44,132,S12_2823
02/09/2010,48,41,41,21,81,S12_2823
03/09/2010,33,37,53,47,118,S12_2823
04/09/2010,31,44,74,48,111,S12_2823
05/09/2010,20,64,54,48,80,S12_2823
06/09/2010,29,52,103,24,188,S12_2823
07/09/2010,27,35,46,33,51,S12_2823
08/09/2010,24,30,44,37,55,S12_2823
09/09/2010,37,78,70,55,90,S12_2823
10/09/2010,25,30,49,16,103,S12_2823
11/09/2010,41,40,35,33,53,S12_2823
12/09/2010,27,91,120,77,178,S12_2823
13/09/2010,21,42,35,33,68,S12_2823
14/09/2010,22,85,110,40,200,S12_2823
15/09/2010,32,64,61,45,102,S12_2823
16/09/2010,25,72,87,49,87,S12_2823
17/09/2010,42,56,69,73,172,S12_2823
18/09/2010,25,62,97,66,167,S12_2823
19/09/2010,37,41,55,35,67,S12_2823
20/09/2010,26,68,65,27,129,S12_2823
21/09/2010,44,23,58,35,83,S12_2823
22/09/2010,47,74,113,83,147,S12_2823
23/09/2010,43,35,55,21,53,S12_2823
24/09/2010,42,59,68,50,144,S12_3148
25/09/2010,42,96,91,77,158,S12_3148
26/09/2010,29,68,58,20,129,S12_3148
27/09/2010,40,63,81,33,141,S12_3148
28/09/2010,38,70,106,62,154,S12_3148
29/09/2010,38,42,58,32,125,S12_3148
30/09/2010,21,38,50,10,76,S12_3148
01/10/2010,24,47,73,22,120,S12_3148
02/10/2010,36,84,97,57,141,S12_3148
03/10/2010,23,61,82,34,78,S12_3148
04/10/2010,20,60,87,32,120,S12_3148
05/10/2010,32,24,36,24,79,S12_3148
06/10/2010,29,20,36,34,58,S12_3148
07/10/2010,44,48,106,43,125,S12_3148
08/10/2010,44,53,73,56,106,S12_3148
09/10/2010,36,53,96,34,115,S12_3148
10/10/2010,49,52,118,28,146,S12_3148
11/10/2010,34,51,65,19,97,S12_3148
12/10/2010,59,38,34,13,48,S12_3148
13/10/2010,37,52,99,24,136,S12_3148
14/10/2010,36,41,61,26,90,S12_3148
15/10/2010,43,43,63,35,75,S12_3148
16/10/2010,21,74,89,56,89,S12_3148
17/10/2010,32,37,71,27,88,S12_3148
18/10/2010,38,94,118,52,174,S12_3148
19/10/2010,43,40,50,20,93,S12_3380
20/10/2010,42,51,48,30,93,S12_3380
21/10/2010,32,66,82,47,98,S12_3380
22/10/2010,42,59,67,50,151,S12_3380
23/10/2010,31,56,74,53,102,S12_3380
24/10/2010,49,41,55,29,58,S12_3380
25/10/2010,45,61,85,51,119,S12_3380
26/10/2010,49,34,54,58,136,S12_3380
27/10/2010,41,59,90,54,122,S12_3380
28/10/2010,45,37,35,12,76,S12_3380
29/10/2010,36,82,110,48,120,S12_3380
30/10/2010,39,48,61,19,90,S12_3380
31/10/2010,27,58,96,67,144,S12_3380
01/11/2010,25,44,79,57,123,S12_3380
02/11/2010,41,44,51,44,119,S12_3380
03/11/2010,39,33,48,35,85,S12_3380
04/11/2010,28,68,72,41,158,S12_3380
05/11/2010,25,25,43,30,95,S12_3380
06/11/2010,33,36,32,34,48,S12_3380
07/11/2010,34,23,38,17,65,S12_3380
08/11/2010,24,69,90,60,120,S12_3380
09/11/2010,30,67,67,56,89,S12_3380
10/11/2010,42,56,78,44,118,S12_3380
11/11/2010,21,44,73,41,99,S12_3380
12/11/2010,34,84,71,59,168,S12_3380
13/11/2010,29,70,94,66,156,S12_3891
14/11/2010,24,76,60,64,112,S12_3891
15/11/2010,44,25,63,35,80,S12_3891
16/11/2010,21,40,32,36,57,S12_3891
17/11/2010,33,66,75,66,167,S12_3891
18/11/2010,30,48,96,48,178,S12_3891
19/11/2010,26,56,50,39,106,S12_3891
20/11/2010,41,63,77,18,81,S12_3891
21/11/2010,26,42,62,20,104,S12_3891
22/11/2010,32,41,61,24,126,S12_3891
23/11/2010,43,44,53,15,81,S12_3891
24/11/2010,48,32,34,15,69,S12_3891
25/11/2010,44,35,65,38,92,S12_3891
26/11/2010,45,45,62,22,101,S12_3891
27/11/2010,37,26,48,10,76,S12_3891
28/11/2010,39,40,65,32,108,S12_3891
29/11/2010,76,62,79,62,110,S12_3891
30/11/2010,37,50,43,25,63,S12_3891
01/12/2010,38,45,48,48,112,S12_3891
02/12/2010,43,80,80,71,122,S12_3891
03/12/2010,48,70,84,35,150,S12_3891
04/12/2010,26,40,33,20,73,S12_3891
05/12/2010,38,25,50,32,84,S12_3891
06/12/2010,20,68,72,49,133,S12_3891
07/12/2010,22,22,48,14,68,S12_3891
08/12/2010,45,21,48,21,59,S12_3891
09/12/2010,45,43,65,46,95,S12_3990
10/12/2010,20,90,108,63,167,S12_3990
11/12/2010,47,51,45,39,108,S12_3990
12/12/2010,46,36,59,20,76,S12_3990
13/12/2010,23,33,48,13,59,S12_3990
14/12/2010,33,55,86,43,121,S12_3990
15/12/2010,29,43,68,36,112,S12_3990
16/12/2010,44,88,97,62,101,S12_3990
17/12/2010,41,61,113,71,141,S12_3990
18/12/2010,20,51,75,41,82,S12_3990
19/12/2010,37,55,90,47,148,S12_3990
20/12/2010,29,34,59,34,115,S12_3990
21/12/2010,55,50,86,22,115,S12_3990
22/12/2010,22,38,32,14,48,S12_3990
23/12/2010,31,48,78,26,111,S12_3990
24/12/2010,49,33,56,56,122,S12_3990
25/12/2010,61,37,51,21,55,S12_3990
26/12/2010,39,64,118,78,113,S12_3990
27/12/2010,38,25,40,18,70,S12_3990
28/12/2010,31,37,55,30,87,S12_3990
29/12/2010,36,41,78,20,136,S12_3990
30/12/2010,25,61,85,38,141,S12_3990
31/12/2010,48,53,91,77,139,S12_3990
01/01/2011,35,38,38,14,78,S12_3990
02/01/2011,21,46,77,53,119,S12_3990
03/01/2011,47,77,69,26,129,S12_4473
04/01/2011,38,41,41,19,60,S12_4473
05/01/2011,41,61,51,41,122,S12_4473
06/01/2011,24,41,49,41,100,S12_4473
07/01/2011,37,45,78,57,135,S12_4473
08/01/2011,33,63,78,63,115,S12_4473
09/01/2011,49,59,53,40,79,S12_4473
10/01/2011,29,66,53,23,96,S12_4473
11/01/2011,24,78,98,43,101,S12_4473
12/01/2011,47,46,58,23,58,S12_4473
13/01/2011,24,34,62,28,95,S12_4473
14/01/2011,25,53,86,62,160,S12_4473
15/01/2011,30,42,46,17,48,S12_4473
16/01/2011,22,74,81,26,148,S12_4473
17/01/2011,27,74,70,51,152,S12_4473
18/01/2011,34,22,42,31,81,S12_4473
19/01/2011,36,40,42,25,61,S12_4473
20/01/2011,34,76,92,52,136,S12_4473
21/01/2011,48,61,99,56,108,S12_4473
22/01/2011,34,78,123,25,123,S12_4473
23/01/2011,24,25,58,14,81,S12_4473
24/01/2011,46,47,52,16,86,S12_4473
25/01/2011,45,34,53,36,55,S12_4473
26/01/2011,39,50,63,23,92,S12_4473
27/01/2011,43,86,86,52,159,S12_4473
28/01/2011,29,74,93,63,107,S12_4473
29/01/2011,20,58,58,22,128,S12_4473
30/01/2011,46,64,101,23,147,S12_4675
31/01/2011,27,64,74,55,143,S12_4675
01/02/2011,44,75,84,70,167,S12_4675
02/02/2011,43,54,54,51,125,S12_4675
03/02/2011,49,39,56,20,81,S12_4675
04/02/2011,40,42,62,36,104,S12_4675
05/02/2011,30,49,74,34,113,S12_4675
06/02/2011,50,64,78,28,184,S12_4675
07/02/2011,23,39,98,55,101,S12_4675
08/02/2011,26,75,99,80,113,S12_4675
09/02/2011,27,37,56,19,74,S12_4675
10/02/2011,42,48,48,15,72,S12_4675
11/02/2011,47,24,50,41,74,S12_4675
12/02/2011,49,42,92,46,160,S12_4675
13/02/2011,38,31,40,15,88,S12_4675
14/02/2011,20,53,53,53,102,S12_4675
15/02/2011,25,34,46,21,63,S12_4675
16/02/2011,25,58,61,61,108,S12_4675
17/02/2011,41,49,98,83,132,S12_4675
18/02/2011,28,55,110,55,124,S12_4675
19/02/2011,50,33,53,20,99,S12_4675
20/02/2011,32,82,106,34,192,S12_4675
21/02/2011,42,86,108,23,158,S12_4675
22/02/2011,24,40,38,18,74,S12_4675
23/02/2011,27,38,38,17,80,S12_4675
24/02/2011,26,30,57,24,102,S12_4675
25/02/2011,38,46,58,12,70,S18_1097
26/02/2011,42,47,78,59,137,S18_1097
27/02/2011,23,41,81,48,111,S18_1097
28/02/2011,21,24,53,24,51,S18_1097
01/03/2011,28,42,56,42,76,S18_1097
02/03/2011,33,31,48,48,76,S18_1097
03/03/2011,25,46,105,34,164,S18_1097
04/03/2011,28,30,46,28,58,S18_1097
05/03/2011,46,49,57,18,104,S18_1097
06/03/2011,30,45,103,49,139,S18_1097
07/03/2011,38,34,53,12,77,S18_1097
08/03/2011,40,60,69,51,138,S18_1097
09/03/2011,45,36,73,56,112,S18_1097
10/03/2011,27,78,66,47,101,S18_1097
11/03/2011,42,38,58,49,90,S18_1097
12/03/2011,36,49,84,27,87,S18_1097
13/03/2011,29,38,68,61,141,S18_1097
14/03/2011,39,60,45,15,108,S18_1097
15/03/2011,45,63,56,63,141,S18_1097
16/03/2011,47,86,108,27,149,S18_1097
17/03/2011,49,57,84,31,132,S18_1097
18/03/2011,46,56,81,41,107,S18_1097
19/03/2011,48,38,52,46,84,S18_1097
20/03/2011,46,60,110,60,180,S18_1097
21/03/2011,35,50,71,21,134,S18_1097
22/03/2011,43,87,87,55,133,S18_1097
23/03/2011,26,92,74,78,179,S18_1097
24/03/2011,22,32,59,32,73,S18_1097
25/03/2011,34,48,106,62,128,S18_1129
26/03/2011,50,62,106,40,128,S18_1129
27/03/2011,48,45,57,27,69,S18_1129
28/03/2011,41,49,72,19,91,S18_1129
29/03/2011,36,53,74,42,137,S18_1129
30/03/2011,29,46,58,19,74,S18_1129
31/03/2011,33,29,57,42,75,S18_1129
01/04/2011,46,42,60,36,86,S18_1129
02/04/2011,38,76,88,32,148,S18_1129
03/04/2011,20,54,49,43,86,S18_1129
04/04/2011,22,49,47,44,94,S18_1129
05/04/2011,27,80,85,65,200,S18_1129
06/04/2011,56,36,36,11,53,S18_1129
07/04/2011,38,30,37,35,81,S18_1129
08/04/2011,25,34,30,10,74,S18_1129
09/04/2011,33,68,108,50,126,S18_1129
10/04/2011,42,42,57,18,68,S18_1129
11/04/2011,33,51,62,51,94,S18_1129
12/04/2011,38,84,97,57,145,S18_1129
13/04/2011,31,41,62,16,70,S18_1129
14/04/2011,20,54,108,50,162,S18_1129
15/04/2011,44,38,55,23,58,S18_1129
16/04/2011,26,53,78,19,93,S18_1129
17/04/2011,27,38,53,34,74,S18_1129
18/04/2011,46,62,78,66,164,S18_1129
19/04/2011,47,45,94,57,98,S18_1129
20/04/2011,37,45,50,39,64,S18_1129
21/04/2011,31,48,74,51,106,S18_1342
22/04/2011,24,34,50,16,68,S18_1342
23/04/2011,31,48,86,58,134,S18_1342
24/04/2011,50,68,80,61,122,S18_1342
25/04/2011,35,54,81,36,158,S18_1342
26/04/2011,30,39,56,25,98,S18_1342
27/04/2011,29,61,51,16,106,S18_1342
28/04/2011,27,43,60,40,68,S18_1342
29/04/2011,40,80,68,68,156,S18_1342
30/04/2011,31,79,101,31,158,S18_1342
01/05/2011,6,32,44,44,104,S18_1342
02/05/2011,45,44,65,44,75,S18_1342
03/05/2011,22,50,66,33,76,S18_1342
04/05/2011,45,32,61,32,110,S18_1342
05/05/2011,43,34,50,37,96,S18_1342
06/05/2011,46,46,101,28,179,S18_1342
07/05/2011,39,31,55,31,91,S18_1342
08/05/2011,31,39,78,55,148,S18_1342
09/05/2011,41,46,50,33,116,S18_1342
10/05/2011,44,50,71,59,130,S18_1342
11/05/2011,45,60,110,78,133,S18_1342
12/05/2011,37,50,92,67,134,S18_1342
13/05/2011,35,40,96,60,144,S18_1342
14/05/2011,28,42,42,36,104,S18_1342
15/05/2011,30,55,115,74,156,S18_1342
16/05/2011,30,41,58,58,129,S18_1342
17/05/2011,25,36,30,16,74,S18_1367
18/05/2011,29,93,88,69,147,S18_1367
19/05/2011,26,84,88,29,151,S18_1367
20/05/2011,41,59,76,46,112,S18_1367
21/05/2011,34,88,92,22,154,S18_1367
22/05/2011,35,68,92,20,108,S18_1367
23/05/2011,34,46,69,37,120,S18_1367
24/05/2011,50,72,90,32,158,S18_1367
25/05/2011,41,63,67,33,148,S18_1367
26/05/2011,22,50,71,34,78,S18_1367
27/05/2011,35,50,105,21,151,S18_1367
28/05/2011,44,53,115,67,192,S18_1367
29/05/2011,47,31,65,16,88,S18_1367
30/05/2011,19,63,81,35,84,S18_1367
31/05/2011,34,89,75,75,165,S18_1367
01/06/2011,29,90,75,75,190,S18_1367
02/06/2011,49,23,44,25,84,S18_1367
03/06/2011,30,72,88,24,100,S18_1367
04/06/2011,21,45,45,21,108,S18_1367
05/06/2011,50,35,54,22,76,S18_1367
06/06/2011,47,31,53,20,51,S18_1367
07/06/2011,24,46,73,32,67,S18_1367
08/06/2011,27,81,77,36,180,S18_1367
09/06/2011,33,66,118,80,165,S18_1367
10/06/2011,35,72,68,23,118,S18_1367
11/06/2011,31,39,57,42,65,S18_1367
12/06/2011,25,40,58,40,97,S18_1589
13/06/2011,27,44,39,14,55,S18_1589
14/06/2011,31,54,72,41,126,S18_1589
15/06/2011,45,73,95,43,138,S18_1589
16/06/2011,27,61,51,54,118,S18_1589
17/06/2011,27,48,89,19,137,S18_1589
18/06/2011,42,85,118,52,127,S18_1589
19/06/2011,21,83,97,51,166,S18_1589
20/06/2011,34,23,51,39,60,S18_1589
21/06/2011,42,45,48,30,105,S18_1589
22/06/2011,15,45,67,32,96,S18_1589
23/06/2011,29,48,86,58,115,S18_1589
24/06/2011,46,83,78,23,133,S18_1589
25/06/2011,30,72,77,23,153,S18_1589
26/06/2011,30,66,92,26,154,S18_1589
27/06/2011,42,40,56,17,76,S18_1589
28/06/2011,46,46,56,53,96,S18_1589
29/06/2011,25,69,88,54,186,S18_1589
30/06/2011,32,76,84,34,110,S18_1589
01/07/2011,30,83,98,74,132,S18_1589
02/07/2011,40,67,77,48,110,S18_1589
03/07/2011,28,23,46,11,78,S18_1589
04/07/2011,23,54,86,59,135,S18_1589
05/07/2011,29,40,53,16,81,S18_1589
06/07/2011,34,62,71,16,105,S18_1589
07/07/2011,37,44,39,12,60,S18_1662
08/07/2011,20,78,74,32,120,S18_1662
09/07/2011,32,36,70,14,106,S18_1662
10/07/2011,34,78,78,41,106,S18_1662
11/07/2011,42,36,38,15,61,S18_1662
12/07/2011,38,55,92,25,118,S18_1662
13/07/2011,30,84,75,48,158,S18_1662
14/07/2011,23,40,33,15,57,S18_1662
15/07/2011,22,39,53,14,76,S18_1662
16/07/2011,39,46,43,29,55,S18_1662
17/07/2011,55,46,37,12,83,S18_1662
18/07/2011,36,54,64,42,109,S18_1662
19/07/2011,26,26,36,19,67,S18_1662
20/07/2011,31,25,38,43,83,S18_1662
21/07/2011,34,52,55,21,62,S18_1662
22/07/2011,41,34,30,34,46,S18_1662
23/07/2011,23,31,51,33,59,S18_1662
24/07/2011,48,36,42,26,46,S18_1662
25/07/2011,22,35,50,18,65,S18_1662
26/07/2011,21,36,90,54,83,S18_1662
27/07/2011,22,44,55,35,81,S18_1662
28/07/2011,40,55,58,23,90,S18_1662
29/07/2011,50,23,38,23,61,S18_1662
30/07/2011,29,43,68,58,130,S18_1662
31/07/2011,43,34,62,47,81,S18_1662
01/08/2011,24,72,90,61,101,S18_1662
02/08/2011,22,84,67,55,126,S18_1749
03/08/2011,43,53,94,37,164,S18_1749
04/08/2011,20,53,53,36,67,S18_1749
05/08/2011,25,86,68,45,171,S18_1749
06/08/2011,36,52,64,32,140,S18_1749
07/08/2011,24,59,98,66,156,S18_1749
08/08/2011,21,49,54,22,65,S18_1749
09/08/2011,30,48,69,42,93,S18_1749
10/08/2011,32,54,41,16,62,S18_1749
11/08/2011,21,36,53,36,82,S18_1749
12/08/2011,26,99,138,83,220,S18_1749
13/08/2011,35,110,138,72,198,S18_1749
14/08/2011,26,58,61,23,84,S18_1749
15/08/2011,46,63,63,67,130,S18_1749
16/08/2011,37,72,77,45,108,S18_1749
17/08/2011,27,22,33,20,88,S18_1749
18/08/2011,23,77,110,28,204,S18_1749
19/08/2011,39,50,85,50,145,S18_1749
20/08/2011,27,60,125,50,195,S18_1749
21/08/2011,38,46,59,38,103,S18_1749
22/08/2011,27,49,90,29,119,S18_1749
23/08/2011,40,63,81,59,180,S18_1749
24/08/2011,24,72,110,55,154,S18_1889
25/08/2011,44,57,101,62,128,S18_1889
26/08/2011,37,54,65,40,140,S18_1889
27/08/2011,20,77,110,61,143,S18_1889
28/08/2011,39,44,84,52,132,S18_1889
29/08/2011,44,50,68,29,133,S18_1889
30/08/2011,22,94,94,50,176,S18_1889
31/08/2011,43,26,51,37,73,S18_1889
01/09/2011,27,28,53,43,95,S18_1889
02/09/2011,26,30,51,18,105,S18_1889
03/09/2011,25,40,38,25,70,S18_1889
04/09/2011,49,72,132,39,165,S18_1889
05/09/2011,29,88,70,22,106,S18_1889
06/09/2011,41,26,44,34,91,S18_1889
07/09/2011,55,76,87,42,110,S18_1889
08/09/2011,27,49,65,32,103,S18_1889
09/09/2011,23,110,99,66,220,S18_1889
10/09/2011,31,38,67,29,99,S18_1889
11/09/2011,46,55,59,51,105,S18_1889
12/09/2011,47,62,110,82,130,S18_1889
13/09/2011,31,42,101,55,126,S18_1889
14/09/2011,46,60,92,68,100,S18_1889
15/09/2011,37,60,48,15,84,S18_1889
16/09/2011,28,88,138,39,204,S18_1889
17/09/2011,37,32,64,17,75,S18_1889
18/09/2011,49,51,82,62,94,S18_1889
19/09/2011,24,43,50,47,121,S18_1984
20/09/2011,30,72,96,60,96,S18_1984
21/09/2011,50,68,84,65,125,S18_1984
22/09/2011,31,33,63,45,90,S18_1984
23/09/2011,46,72,138,44,187,S18_1984
24/09/2011,47,44,73,46,75,S18_1984
25/09/2011,46,48,85,44,88,S18_1984
26/09/2011,37,46,80,46,109,S18_1984
27/09/2011,33,36,52,31,73,S18_1984
28/09/2011,31,57,84,30,110,S18_1984
29/09/2011,48,83,123,39,186,S18_1984
30/09/2011,41,32,50,36,78,S18_1984
01/10/2011,42,30,51,38,70,S18_1984
02/10/2011,41,67,81,53,123,S18_1984
03/10/2011,32,77,68,32,135,S18_1984
04/10/2011,10,100,75,70,185,S18_1984
05/10/2011,35,35,54,38,128,S18_1984
06/10/2011,28,49,62,21,119,S18_1984
07/10/2011,46,88,79,75,141,S18_1984
08/10/2011,20,93,83,39,157,S18_1984
09/10/2011,30,32,77,29,93,S18_1984
10/10/2011,48,44,51,34,102,S18_1984
11/10/2011,28,59,63,19,100,S18_1984
12/10/2011,39,51,58,22,115,S18_1984
13/10/2011,24,53,56,30,86,S18_1984
14/10/2011,28,62,62,47,129,S18_1984
15/10/2011,31,88,123,44,196,S18_1984
16/10/2011,45,42,47,39,86,S18_2238
17/10/2011,24,86,95,45,104,S18_2238
18/10/2011,49,76,84,48,120,S18_2238
19/10/2011,32,54,72,30,102,S18_2238
20/10/2011,43,40,42,13,63,S18_2238
21/10/2011,37,44,62,18,104,S18_2238
22/10/2011,24,29,73,23,104,S18_2238
23/10/2011,35,32,46,18,64,S18_2238
24/10/2011,41,52,69,34,133,S18_2238
25/10/2011,26,72,72,59,131,S18_2238
26/10/2011,34,66,103,24,146,S18_2238
27/10/2011,49,26,50,29,86,S18_2238
28/10/2011,28,42,80,49,141,S18_2238
29/10/2011,40,69,101,41,161,S18_2238
30/10/2011,37,54,103,29,157,S18_2238
31/10/2011,31,53,84,49,126,S18_2238
01/11/2011,41,33,51,13,84,S18_2238
02/11/2011,21,41,57,19,108,S18_2238
03/11/2011,40,85,80,60,195,S18_2238
04/11/2011,46,66,70,70,148,S18_2238
05/11/2011,44,71,118,75,150,S18_2238
06/11/2011,46,22,48,26,64,S18_2238
07/11/2011,41,46,69,51,133,S18_2238
08/11/2011,32,23,51,21,58,S18_2238
09/11/2011,46,100,95,35,185,S18_2238
10/11/2011,28,43,38,22,79,S18_2238
11/11/2011,49,85,120,35,160,S18_2238
12/11/2011,21,32,46,41,89,S18_2248
13/11/2011,32,46,70,53,140,S18_2248
14/11/2011,34,35,58,32,67,S18_2248
15/11/2011,21,80,67,50,109,S18_2248
16/11/2011,21,71,67,42,134,S18_2248
17/11/2011,31,53,91,43,130,S18_2248
18/11/2011,21,51,54,35,78,S18_2248
19/11/2011,25,47,95,26,168,S18_2248
20/11/2011,28,63,101,38,113,S18_2248
21/11/2011,43,52,100,52,148,S18_2248
22/11/2011,22,39,60,48,117,S18_2248
23/11/2011,37,41,49,35,76,S18_2248
24/11/2011,28,32,67,35,73,S18_2248
25/11/2011,30,46,88,59,147,S18_2248
26/11/2011,44,46,63,71,105,S18_2248
27/11/2011,25,27,34,21,50,S18_2248
28/11/2011,43,75,115,30,120,S18_2248
29/11/2011,30,23,40,32,76,S18_2248
30/11/2011,20,72,96,77,158,S18_2248
01/12/2011,26,44,65,34,126,S18_2248
02/12/2011,40,50,95,32,122,S18_2248
03/12/2011,31,34,62,42,94,S18_2248
04/12/2011,22,77,90,27,158,S18_2319
05/12/2011,23,40,38,15,60,S18_2319
06/12/2011,30,26,46,12,60,S18_2319
07/12/2011,49,24,36,22,82,S18_2319
08/12/2011,31,39,47,36,73,S18_2319
09/12/2011,29,35,51,11,81,S18_2319
10/12/2011,37,43,53,50,124,S18_2319
11/12/2011,38,33,48,42,78,S18_2319
12/12/2011,29,42,53,53,137,S18_2319
13/12/2011,23,49,80,61,137,S18_2319
14/12/2011,26,74,83,28,110,S18_2319
15/12/2011,38,38,45,23,60,S18_2319
16/12/2011,48,66,88,53,114,S18_2319
17/12/2011,40,77,77,45,162,S18_2319
18/12/2011,45,56,59,16,99,S18_2319
19/12/2011,44,31,39,16,99,S18_2319
20/12/2011,21,47,73,60,129,S18_2319
21/12/2011,35,29,46,15,102,S18_2319
22/12/2011,29,24,35,18,77,S18_2319
23/12/2011,21,81,113,68,108,S18_2319
24/12/2011,22,42,54,15,117,S18_2319
25/12/2011,26,70,88,35,133,S18_2319
26/12/2011,41,94,103,61,174,S18_2319
27/12/2011,47,36,72,47,140,S18_2319
28/12/2011,31,66,74,57,144,S18_2319
29/12/2011,43,36,30,22,46,S18_2319
30/12/2011,23,61,74,32,80,S18_2325
31/12/2011,28,61,54,22,112,S18_2325
01/01/2012,49,38,61,46,144,S18_2325
02/01/2012,24,50,56,30,132,S18_2325
03/01/2012,33,72,61,23,148,S18_2325
04/01/2012,22,61,54,27,99,S18_2325
05/01/2012,32,41,82,34,136,S18_2325
06/01/2012,40,48,48,41,65,S18_2325
07/01/2012,43,34,60,13,94,S18_2325
08/01/2012,24,54,68,17,92,S18_2325
09/01/2012,32,67,86,29,168,S18_2325
10/01/2012,20,68,92,64,128,S18_2325
11/01/2012,24,83,74,51,106,S18_2325
12/01/2012,48,27,62,16,100,S18_2325
13/01/2012,44,41,48,31,86,S18_2325
14/01/2012,28,35,44,11,88,S18_2325
15/01/2012,24,66,94,33,156,S18_2325
16/01/2012,33,69,82,39,116,S18_2325
17/01/2012,41,70,62,37,152,S18_2325
18/01/2012,23,70,70,57,119,S18_2325
19/01/2012,46,48,70,37,104,S18_2325
20/01/2012,48,45,58,18,65,S18_2325
21/01/2012,25,55,75,65,115,S18_2325
22/01/2012,22,56,77,32,98,S18_2325
23/01/2012,41,43,79,36,104,S18_2325
24/01/2012,34,30,65,35,65,S18_2432
25/01/2012,32,43,73,50,89,S18_2432
26/01/2012,21,78,82,53,123,S18_2432
27/01/2012,20,67,120,58,134,S18_2432
28/01/2012,47,36,76,53,125,S18_2432
29/01/2012,39,31,59,22,64,S18_2432
30/01/2012,29,33,48,21,120,S18_2432
31/01/2012,45,48,110,72,192,S18_2432
01/02/2012,28,34,42,16,64,S18_2432
02/02/2012,26,36,66,42,96,S18_2432
03/02/2012,50,39,57,45,96,S18_2432
04/02/2012,48,70,70,33,133,S18_2432
05/02/2012,25,51,62,66,125,S18_2432
06/02/2012,40,42,34,29,65,S18_2432
07/02/2012,43,39,62,26,81,S18_2432
08/02/2012,22,35,63,60,133,S18_2432
09/02/2012,47,77,73,43,155,S18_2432
10/02/2012,36,48,77,77,158,S18_2432
11/02/2012,40,71,71,25,118,S18_2432
12/02/2012,27,46,53,12,84,S18_2432
13/02/2012,29,42,70,53,130,S18_2432
14/02/2012,20,26,65,13,75,S18_2432
15/02/2012,42,31,62,25,105,S18_2432
16/02/2012,25,24,40,22,53,S18_2432
17/02/2012,36,59,59,62,117,S18_2432
18/02/2012,21,53,67,14,64,S18_2432
19/02/2012,23,34,65,47,84,S18_2432
20/02/2012,37,74,74,20,109,S18_2432
21/02/2012,48,55,49,46,110,S18_2581
22/02/2012,25,82,91,58,120,S18_2581
23/02/2012,33,42,36,17,84,S18_2581
24/02/2012,27,43,62,55,90,S18_2581
25/02/2012,27,48,54,16,106,S18_2581
26/02/2012,20,51,68,37,105,S18_2581
27/02/2012,30,56,62,19,74,S18_2581
28/02/2012,48,27,51,35,78,S18_2581
29/02/2012,32,33,55,11,88,S18_2581
01/03/2012,34,39,51,35,60,S18_2581
02/03/2012,27,47,79,58,140,S18_2581
03/03/2012,39,31,60,26,70,S18_2581
04/03/2012,47,26,53,33,73,S18_2581
05/03/2012,22,46,63,32,133,S18_2581
06/03/2012,55,24,55,15,53,S18_2581
07/03/2012,60,94,108,71,179,S18_2581
08/03/2012,35,80,80,34,147,S18_2581
09/03/2012,28,32,46,30,78,S18_2581
10/03/2012,38,34,55,29,72,S18_2581
11/03/2012,21,44,47,44,96,S18_2581
12/03/2012,41,71,89,47,122,S18_2581
13/03/2012,22,40,76,50,99,S18_2581
14/03/2012,29,38,38,19,74,S18_2581
15/03/2012,50,54,46,35,95,S18_2625
16/03/2012,29,43,69,43,116,S18_2625
17/03/2012,49,49,78,44,181,S18_2625
18/03/2012,35,89,108,71,183,S18_2625
19/03/2012,48,68,68,23,110,S18_2625
20/03/2012,23,40,38,15,78,S18_2625
21/03/2012,48,50,59,34,99,S18_2625
22/03/2012,42,60,51,24,90,S18_2625
23/03/2012,47,88,88,22,114,S18_2625
24/03/2012,36,36,73,50,122,S18_2625
25/03/2012,22,34,36,16,56,S18_2625
26/03/2012,40,76,91,38,141,S18_2625
27/03/2012,23,28,56,25,109,S18_2625
28/03/2012,32,62,91,67,134,S18_2625
29/03/2012,21,42,76,57,137,S18_2625
30/03/2012,41,70,97,53,172,S18_2625
31/03/2012,25,61,71,27,112,S18_2625
01/04/2012,26,58,54,48,82,S18_2625
02/04/2012,24,59,79,33,122,S18_2625
03/04/2012,48,56,76,56,96,S18_2625
04/04/2012,26,43,82,39,159,S18_2625
05/04/2012,21,61,85,56,179,S18_2625
06/04/2012,45,60,80,65,180,S18_2625
07/04/2012,36,26,65,26,99,S18_2625
08/04/2012,21,86,91,53,134,S18_2625
09/04/2012,32,20,38,30,76,S18_2625
10/04/2012,30,67,72,29,168,S18_2795
11/04/2012,36,53,62,53,127,S18_2795
12/04/2012,33,87,74,51,106,S18_2795
13/04/2012,35,55,44,49,104,S18_2795
14/04/2012,37,47,79,32,104,S18_2795
15/04/2012,41,56,80,33,165,S18_2795
16/04/2012,20,78,88,39,132,S18_2795
17/04/2012,45,49,59,35,95,S18_2795
18/04/2012,38,45,53,36,78,S18_2795
19/04/2012,43,59,93,37,93,S18_2795
20/04/2012,49,35,67,29,78,S18_2795
21/04/2012,27,24,42,22,81,S18_2795
22/04/2012,46,55,110,60,125,S18_2795
23/04/2012,38,42,48,37,88,S18_2795
24/04/2012,25,38,58,17,78,S18_2795
25/04/2012,46,46,46,23,85,S18_2795
26/04/2012,22,57,84,23,141,S18_2795
27/04/2012,40,42,71,71,101,S18_2795
28/04/2012,46,35,39,28,85,S18_2795
29/04/2012,39,49,44,32,87,S18_2795
30/04/2012,38,35,60,25,126,S18_2795
01/05/2012,30,50,80,35,150,S18_2795
02/05/2012,42,54,81,27,140,S18_2795
03/05/2012,43,41,41,31,89,S18_2795
04/05/2012,29,40,65,47,124,S18_2795
05/05/2012,33,61,64,51,109,S18_2795
06/05/2012,32,79,79,57,123,S18_2870
07/05/2012,28,34,48,17,82,S18_2870
08/05/2012,41,56,60,56,124,S18_2870
09/05/2012,33,34,60,12,86,S18_2870
10/05/2012,36,76,101,25,105,S18_2870
11/05/2012,26,78,98,25,148,S18_2870
12/05/2012,34,86,86,72,134,S18_2870
13/05/2012,26,48,85,31,95,S18_2870
14/05/2012,38,30,65,22,76,S18_2870
15/05/2012,33,25,40,13,63,S18_2870
16/05/2012,33,39,69,48,120,S18_2870
17/05/2012,46,41,51,17,99,S18_2870
18/05/2012,26,44,40,20,66,S18_2870
19/05/2012,25,77,72,59,117,S18_2870
20/05/2012,45,59,99,77,122,S18_2870
21/05/2012,50,35,61,38,128,S18_2870
22/05/2012,36,90,105,40,165,S18_2870
23/05/2012,21,78,66,49,144,S18_2870
24/05/2012,29,45,94,62,111,S18_2870
25/05/2012,21,22,38,10,78,S18_2870
26/05/2012,42,70,70,51,133,S18_2870
27/05/2012,37,35,37,15,84,S18_2870
28/05/2012,25,26,38,19,84,S18_2870
29/05/2012,36,49,113,39,123,S18_2870
30/05/2012,22,25,55,13,80,S18_2870
31/05/2012,23,54,69,24,117,S18_2949
01/06/2012,32,62,82,51,148,S18_2949
02/06/2012,28,30,43,13,80,S18_2949
03/06/2012,27,32,70,46,78,S18_2949
04/06/2012,49,82,115,82,144,S18_2949
05/06/2012,41,68,84,57,103,S18_2949
06/06/2012,49,26,60,31,86,S18_2949
07/06/2012,30,48,82,67,144,S18_2949
08/06/2012,40,72,57,19,133,S18_2949
09/06/2012,23,46,95,46,122,S18_2949
10/06/2012,49,62,86,58,173,S18_2949
11/06/2012,25,41,71,58,122,S18_2949
12/06/2012,37,96,106,24,130,S18_2949
13/06/2012,55,65,61,25,97,S18_2949
14/06/2012,23,32,41,14,74,S18_2949
15/06/2012,24,46,56,53,119,S18_2949
16/06/2012,43,64,48,51,86,S18_2949
17/06/2012,50,73,65,30,146,S18_2949
18/06/2012,47,64,113,44,196,S18_2949
19/06/2012,34,78,78,44,196,S18_2949
20/06/2012,31,59,101,29,126,S18_2949
21/06/2012,28,74,59,27,109,S18_2949
22/06/2012,36,34,38,30,48,S18_2949
23/06/2012,48,40,36,16,70,S18_2949
24/06/2012,39,62,66,57,156,S18_2949
25/06/2012,45,41,86,25,148,S18_2949
26/06/2012,35,74,78,59,132,S18_2949
27/06/2012,45,53,79,75,167,S18_2957
28/06/2012,46,58,61,45,112,S18_2957
29/06/2012,37,28,48,43,90,S18_2957
30/06/2012,31,45,43,35,70,S18_2957
01/07/2012,33,42,50,25,76,S18_2957
02/07/2012,31,30,45,51,117,S18_2957
03/07/2012,27,79,92,48,106,S18_2957
04/07/2012,39,45,103,49,98,S18_2957
05/07/2012,32,36,79,36,83,S18_2957
06/07/2012,28,41,62,70,148,S18_2957
07/07/2012,26,41,82,21,135,S18_2957
08/07/2012,44,72,65,18,126,S18_2957
09/07/2012,46,32,68,19,100,S18_2957
10/07/2012,32,91,77,62,139,S18_2957
11/07/2012,65,84,80,63,143,S18_2957
12/07/2012,43,88,93,74,191,S18_2957
13/07/2012,43,44,48,24,84,S18_2957
14/07/2012,35,72,90,58,130,S18_2957
15/07/2012,45,44,42,37,75,S18_2957
16/07/2012,47,83,115,60,110,S18_2957
17/07/2012,21,48,53,13,63,S18_2957
18/07/2012,38,34,36,30,52,S18_2957
19/07/2012,21,31,57,13,91,S18_2957
20/07/2012,43,51,54,58,122,S18_2957
21/07/2012,46,31,49,31,86,S18_2957
22/07/2012,38,30,40,23,75,S18_2957
23/07/2012,26,54,118,64,167,S18_2957
24/07/2012,31,66,66,50,79,S18_3029
25/07/2012,48,24,40,34,50,S18_3029
26/07/2012,33,38,41,12,60,S18_3029
27/07/2012,38,42,52,16,81,S18_3029
28/07/2012,39,75,101,40,150,S18_3029
29/07/2012,42,62,97,40,119,S18_3029
30/07/2012,44,56,81,35,105,S18_3029
31/07/2012,29,23,53,14,62,S18_3029
01/08/2012,26,32,36,10,46,S18_3029
02/08/2012,31,40,42,18,80,S18_3029
03/08/2012,32,70,101,62,114,S18_3029
04/08/2012,28,85,99,38,146,S18_3029
05/08/2012,36,63,97,55,151,S18_3029
06/08/2012,36,48,76,40,136,S18_3029
07/08/2012,41,36,76,43,96,S18_3029
08/08/2012,27,90,81,63,153,S18_3029
09/08/2012,33,53,76,65,133,S18_3029
10/08/2012,34,39,44,12,71,S18_3029
11/08/2012,29,36,47,16,73,S18_3029
12/08/2012,34,43,54,35,92,S18_3029
13/08/2012,48,48,96,62,149,S18_3029
14/08/2012,46,46,63,53,129,S18_3029
15/08/2012,22,54,54,42,99,S18_3029
16/08/2012,20,49,77,49,88,S18_3029
17/08/2012,45,32,61,26,81,S18_3029
18/08/2012,46,50,81,63,180,S18_3029
19/08/2012,34,22,32,18,66,S18_3136
20/08/2012,50,77,95,32,135,S18_3136
21/08/2012,46,71,108,28,118,S18_3136
22/08/2012,22,67,63,63,143,S18_3136
23/08/2012,48,21,50,32,78,S18_3136
24/08/2012,47,76,84,48,108,S18_3136
25/08/2012,34,37,85,44,112,S18_3136
26/08/2012,45,91,110,24,125,S18_3136
27/08/2012,20,71,108,71,141,S18_3136
28/08/2012,50,74,82,55,152,S18_3136
29/08/2012,22,44,39,26,65,S18_3136
30/08/2012,45,47,103,43,146,S18_3136
31/08/2012,58,62,101,44,123,S18_3136
01/09/2012,51,70,103,33,123,S18_3136
02/09/2012,38,30,51,51,75,S18_3136
03/09/2012,22,65,61,20,122,S18_3136
04/09/2012,25,30,75,33,105,S18_3136
05/09/2012,24,48,60,20,98,S18_3136
06/09/2012,35,54,57,27,84,S18_3136
07/09/2012,28,56,71,19,105,S18_3136
08/09/2012,36,53,97,53,136,S18_3136
09/09/2012,39,69,74,51,143,S18_3136
10/09/2012,27,48,50,42,70,S18_3136
11/09/2012,40,58,49,38,93,S18_3136
12/09/2012,50,62,53,37,87,S18_3136
13/09/2012,42,40,55,23,93,S18_3136
14/09/2012,48,40,42,32,80,S18_3136
15/09/2012,25,36,72,50,83,S18_3140
16/09/2012,31,67,77,58,158,S18_3140
17/09/2012,44,44,96,68,92,S18_3140
18/09/2012,23,54,80,48,106,S18_3140
19/09/2012,29,38,53,14,91,S18_3140
20/09/2012,49,43,98,39,125,S18_3140
21/09/2012,36,40,40,34,48,S18_3140
22/09/2012,34,40,53,40,98,S18_3140
23/09/2012,25,53,84,53,87,S18_3140
24/09/2012,48,41,85,17,126,S18_3140
25/09/2012,38,28,53,37,90,S18_3140
26/09/2012,37,49,93,25,167,S18_3140
27/09/2012,49,26,37,22,77,S18_3140
28/09/2012,22,88,108,39,127,S18_3140
29/09/2012,28,32,41,19,76,S18_3140
30/09/2012,36,56,70,39,112,S18_3140
01/10/2012,34,56,77,21,116,S18_3140
02/10/2012,39,92,83,69,156,S18_3140
03/10/2012,21,72,76,52,100,S18_3140
04/10/2012,36,40,68,68,156,S18_3140
05/10/2012,24,55,90,66,101,S18_3140
06/10/2012,29,72,110,38,120,S18_3140
07/10/2012,38,47,77,34,168,S18_3140
08/10/2012,34,56,75,66,165,S18_3140
09/10/2012,42,45,70,17,92,S18_3140
10/10/2012,35,61,61,41,95,S18_3232
11/10/2012,35,48,67,63,126,S18_3232
12/10/2012,38,28,42,17,73,S18_3232
13/10/2012,41,48,60,30,111,S18_3232
14/10/2012,50,42,53,36,101,S18_3232
15/10/2012,21,38,46,11,84,S18_3232
16/10/2012,43,50,63,43,89,S18_3232
17/10/2012,32,65,86,40,108,S18_3232
18/10/2012,6,46,73,46,122,S18_3232
19/10/2012,66,30,46,14,92,S18_3232
20/10/2012,41,31,71,37,115,S18_3232
21/10/2012,23,43,58,35,58,S18_3232
22/10/2012,43,74,98,53,103,S18_3232
23/10/2012,24,36,83,61,108,S18_3232
24/10/2012,22,70,75,70,119,S18_3232
25/10/2012,26,45,48,22,90,S18_3232
26/10/2012,35,31,53,31,78,S18_3232
27/10/2012,47,72,68,65,91,S18_3232
28/10/2012,50,60,60,32,92,S18_3232
29/10/2012,45,34,74,43,112,S18_3232
30/10/2012,39,51,82,51,82,S18_3232
31/10/2012,23,44,110,31,172,S18_3232
01/11/2012,42,82,73,56,168,S18_3232
02/11/2012,20,44,70,52,133,S18_3232
03/11/2012,33,25,60,43,100,S18_3232
04/11/2012,34,76,100,68,124,S18_3232
05/11/2012,49,56,71,24,113,S18_3232
06/11/2012,39,78,93,34,157,S18_3232
07/11/2012,36,92,69,64,156,S18_3232
08/11/2012,50,46,101,25,109,S18_3232
09/11/2012,29,34,59,45,81,S18_3232
10/11/2012,30,93,83,59,162,S18_3232
11/11/2012,41,27,41,24,108,S18_3232
12/11/2012,28,68,95,41,180,S18_3232
13/11/2012,45,28,50,31,106,S18_3232
14/11/2012,16,69,90,43,146,S18_3232
15/11/2012,36,55,80,35,115,S18_3232
16/11/2012,41,22,46,18,81,S18_3232
17/11/2012,50,54,59,46,73,S18_3232
18/11/2012,40,46,70,44,116,S18_3232
19/11/2012,49,54,51,39,93,S18_3232
20/11/2012,45,62,82,38,158,S18_3232
21/11/2012,47,29,39,44,83,S18_3232
22/11/2012,21,44,60,13,70,S18_3232
23/11/2012,32,62,101,38,144,S18_3232
24/11/2012,47,86,82,43,172,S18_3232
25/11/2012,38,21,38,29,80,S18_3232
26/11/2012,41,70,81,60,137,S18_3232
27/11/2012,21,54,65,27,105,S18_3232
28/11/2012,41,66,62,23,156,S18_3232
29/11/2012,38,30,59,41,62,S18_3232
30/11/2012,25,29,49,35,67,S18_3232
01/12/2012,48,22,53,33,73,S18_3259
02/12/2012,22,77,86,43,172,S18_3259
03/12/2012,28,42,70,42,112,S18_3259
04/12/2012,47,56,70,34,109,S18_3259
05/12/2012,49,83,98,54,118,S18_3259
06/12/2012,45,32,51,54,77,S18_3259
07/12/2012,28,82,74,41,119,S18_3259
08/12/2012,29,51,69,28,170,S18_3259
09/12/2012,39,53,66,23,83,S18_3259
10/12/2012,46,53,70,57,119,S18_3259
11/12/2012,38,80,100,28,92,S18_3259
12/12/2012,41,90,80,40,145,S18_3259
13/12/2012,50,57,70,45,160,S18_3259
14/12/2012,43,52,61,35,87,S18_3259
15/12/2012,29,37,35,24,68,S18_3259
16/12/2012,30,38,57,42,141,S18_3259
17/12/2012,25,66,94,21,98,S18_3259
18/12/2012,49,73,65,52,120,S18_3259
19/12/2012,40,53,79,70,163,S18_3259
20/12/2012,41,60,90,25,170,S18_3259
21/12/2012,21,66,94,37,135,S18_3259
22/12/2012,46,46,67,29,70,S18_3259
23/12/2012,39,31,74,47,115,S18_3259
24/12/2012,45,62,90,27,144,S18_3259
25/12/2012,21,26,42,37,57,S18_3259
26/12/2012,44,48,60,38,95,S18_3278
27/12/2012,44,32,58,29,80,S18_3278
28/12/2012,29,51,48,24,72,S18_3278
29/12/2012,34,46,54,35,65,S18_3278
30/12/2012,39,100,110,65,145,S18_3278
31/12/2012,38,47,44,34,81,S18_3278
01/01/2013,24,74,78,56,133,S18_3278
02/01/2013,29,32,38,24,52,S18_3278
03/01/2013,30,63,81,63,141,S18_3278
04/01/2013,20,39,45,45,75,S18_3278
05/01/2013,39,54,54,35,92,S18_3278
06/01/2013,35,72,68,36,156,S18_3278
07/01/2013,26,25,44,25,48,S18_3278
08/01/2013,44,45,70,22,122,S18_3278
09/01/2013,28,31,36,26,79,S18_3278
10/01/2013,31,41,85,24,102,S18_3278
11/01/2013,29,35,64,29,74,S18_3278
12/01/2013,32,49,54,22,105,S18_3278
13/01/2013,33,58,90,40,115,S18_3278
14/01/2013,44,79,88,66,167,S18_3278
15/01/2013,32,88,106,35,154,S18_3278
16/01/2013,41,37,61,34,105,S18_3278
17/01/2013,35,47,95,69,168,S18_3278
18/01/2013,44,65,86,43,137,S18_3278
19/01/2013,26,61,54,31,85,S18_3320
20/01/2013,20,53,70,21,148,S18_3320
21/01/2013,48,66,94,70,135,S18_3320
22/01/2013,34,28,70,36,90,S18_3320
23/01/2013,49,69,88,34,162,S18_3320
24/01/2013,40,62,65,40,96,S18_3320
25/01/2013,45,55,125,80,180,S18_3320
26/01/2013,50,36,62,16,78,S18_3320
27/01/2013,38,43,63,17,125,S18_3320
28/01/2013,25,62,59,35,113,S18_3320
29/01/2013,28,50,74,25,84,S18_3320
30/01/2013,49,45,48,15,111,S18_3320
31/01/2013,49,68,65,24,88,S18_3320
01/02/2013,42,42,64,38,102,S18_3320
02/02/2013,23,88,97,66,101,S18_3320
03/02/2013,29,72,106,43,110,S18_3320
04/02/2013,25,77,77,53,144,S18_3320
05/02/2013,39,43,61,22,101,S18_3320
06/02/2013,44,41,56,37,96,S18_3320
07/02/2013,25,48,61,27,133,S18_3320
08/02/2013,45,30,30,16,54,S18_3320
09/02/2013,25,48,70,59,96,S18_3320
10/02/2013,37,61,61,58,82,S18_3320
11/02/2013,30,35,48,51,106,S18_3320
12/02/2013,36,67,96,43,182,S18_3320
13/02/2013,26,38,43,13,93,S18_3320
14/02/2013,23,30,45,20,83,S18_3482
15/02/2013,23,49,63,28,133,S18_3482
16/02/2013,25,57,70,53,156,S18_3482
17/02/2013,21,76,88,64,104,S18_3482
18/02/2013,26,42,74,39,95,S18_3482
19/02/2013,44,75,105,80,195,S18_3482
20/02/2013,24,55,90,35,94,S18_3482
21/02/2013,66,62,62,43,125,S18_3482
22/02/2013,36,24,44,34,66,S18_3482
23/02/2013,36,53,59,40,125,S18_3482
24/02/2013,22,47,47,26,73,S18_3482
25/02/2013,25,96,120,72,110,S18_3482
26/02/2013,37,65,85,17,116,S18_3482
27/02/2013,32,50,79,17,112,S18_3482
28/02/2013,47,28,48,14,55,S18_3482
01/03/2013,37,78,59,66,105,S18_3482
02/03/2013,20,64,74,25,132,S18_3482
03/03/2013,41,23,41,14,76,S18_3482
04/03/2013,21,98,78,74,186,S18_3482
05/03/2013,22,88,123,39,118,S18_3482
06/03/2013,40,49,74,34,167,S18_3482
07/03/2013,32,59,77,23,140,S18_3482
08/03/2013,36,61,54,29,109,S18_3482
09/03/2013,27,56,99,75,118,S18_3482
10/03/2013,26,82,86,73,112,S18_3482
11/03/2013,30,64,92,69,152,S18_3685
12/03/2013,23,48,91,67,125,S18_3685
13/03/2013,29,56,78,25,84,S18_3685
14/03/2013,21,52,39,21,60,S18_3685
15/03/2013,34,70,89,63,100,S18_3685
16/03/2013,26,43,90,36,126,S18_3685
17/03/2013,60,65,72,23,125,S18_3685
18/03/2013,35,37,62,28,93,S18_3685
19/03/2013,47,47,77,56,108,S18_3685
20/03/2013,20,43,47,50,105,S18_3685
21/03/2013,20,54,65,25,137,S18_3685
22/03/2013,25,60,99,60,99,S18_3685
23/03/2013,25,74,98,62,121,S18_3685
24/03/2013,27,29,37,15,62,S18_3685
25/03/2013,31,63,67,71,143,S18_3685
26/03/2013,44,42,51,22,59,S18_3685
27/03/2013,49,38,80,65,110,S18_3685
28/03/2013,26,51,115,23,129,S18_3685
29/03/2013,36,48,74,44,130,S18_3685
30/03/2013,44,75,85,28,165,S18_3685
31/03/2013,28,83,98,39,113,S18_3685
01/04/2013,45,71,118,42,146,S18_3685
02/04/2013,29,28,45,28,67,S18_3685
03/04/2013,40,54,67,42,102,S18_3685
04/04/2013,45,44,71,48,82,S18_3685
05/04/2013,44,38,91,65,110,S18_3782
06/04/2013,25,23,48,39,69,S18_3782
07/04/2013,45,29,38,36,84,S18_3782
08/04/2013,48,32,38,26,52,S18_3782
09/04/2013,44,41,78,25,139,S18_3782
10/04/2013,25,48,60,30,90,S18_3782
11/04/2013,22,46,46,46,67,S18_3782
12/04/2013,31,34,44,36,104,S18_3782
13/04/2013,21,82,99,60,138,S18_3782
14/04/2013,55,57,91,53,122,S18_3782
15/04/2013,25,41,70,48,126,S18_3782
16/04/2013,35,52,77,26,125,S18_3782
17/04/2013,35,60,60,30,81,S18_3782
18/04/2013,43,85,105,85,170,S18_3782
19/04/2013,44,32,59,22,89,S18_3782
20/04/2013,50,35,40,23,85,S18_3782
21/04/2013,48,59,59,33,100,S18_3782
22/04/2013,25,40,42,17,50,S18_3782
23/04/2013,39,58,51,45,99,S18_3782
24/04/2013,25,85,118,24,141,S18_3782
25/04/2013,32,86,69,43,151,S18_3782
26/04/2013,20,70,63,26,148,S18_3782
27/04/2013,26,38,46,35,105,S18_3782
28/04/2013,42,60,56,49,91,S18_3782
29/04/2013,21,55,88,25,143,S18_3782
30/04/2013,34,38,36,41,82,S18_3856
01/05/2013,47,60,60,32,160,S18_3856
02/05/2013,21,69,78,23,138,S18_3856
03/05/2013,48,46,57,30,108,S18_3856
04/05/2013,30,41,43,29,60,S18_3856
05/05/2013,27,47,94,56,183,S18_3856
06/05/2013,50,47,44,13,86,S18_3856
07/05/2013,38,61,95,34,129,S18_3856
08/05/2013,45,42,70,17,78,S18_3856
09/05/2013,46,37,48,22,84,S18_3856
10/05/2013,35,60,68,44,128,S18_3856
11/05/2013,29,23,46,11,61,S18_3856
12/05/2013,50,35,58,45,83,S18_3856
13/05/2013,26,66,92,22,132,S18_3856
14/05/2013,47,49,55,38,70,S18_3856
15/05/2013,23,72,95,38,95,S18_3856
16/05/2013,34,68,51,51,129,S18_3856
17/05/2013,34,45,42,45,73,S18_3856
18/05/2013,47,82,95,52,155,S18_3856
19/05/2013,45,98,98,78,157,S18_3856
20/05/2013,45,39,51,27,111,S18_3856
21/05/2013,36,62,98,39,117,S18_3856
22/05/2013,21,30,43,43,70,S18_3856
23/05/2013,28,23,40,29,57,S18_3856
24/05/2013,35,32,64,26,84,S18_3856
25/05/2013,50,45,60,15,78,S18_3856
26/05/2013,22,38,80,19,129,S18_4027
27/05/2013,45,36,30,10,66,S18_4027
28/05/2013,48,72,95,19,129,S18_4027
29/05/2013,20,41,55,38,72,S18_4027
30/05/2013,27,46,41,29,96,S18_4027
31/05/2013,38,78,101,51,156,S18_4027
01/06/2013,32,34,48,29,48,S18_4027
02/06/2013,64,58,68,58,140,S18_4027
03/06/2013,37,53,106,24,115,S18_4027
04/06/2013,28,59,70,33,107,S18_4027
05/06/2013,39,25,53,38,78,S18_4027
06/06/2013,41,25,42,11,61,S18_4027
07/06/2013,40,50,81,32,144,S18_4027
08/06/2013,49,88,78,39,167,S18_4027
09/06/2013,27,37,39,21,53,S18_4027
10/06/2013,34,30,42,18,74,S18_4027
11/06/2013,23,60,90,73,151,S18_4027
12/06/2013,31,74,67,63,93,S18_4027
13/06/2013,34,79,92,35,154,S18_4027
14/06/2013,25,53,94,37,152,S18_4027
15/06/2013,22,64,123,25,127,S18_4027
16/06/2013,32,83,78,83,186,S18_4027
17/06/2013,31,44,81,22,100,S18_4027
18/06/2013,25,46,69,20,102,S18_4027
19/06/2013,47,48,43,25,63,S18_4027
20/06/2013,21,57,97,22,136,S18_4027
21/06/2013,28,91,82,62,187,S18_4409
22/06/2013,46,42,77,42,116,S18_4409
23/06/2013,33,46,65,23,103,S18_4409
24/06/2013,43,45,50,39,84,S18_4409
25/06/2013,38,25,34,17,55,S18_4409
26/06/2013,47,62,98,62,133,S18_4409
27/06/2013,45,37,53,22,74,S18_4409
28/06/2013,20,35,74,56,81,S18_4409
29/06/2013,45,41,60,34,79,S18_4409
30/06/2013,36,85,105,45,120,S18_4409
01/07/2013,37,35,60,35,133,S18_4409
02/07/2013,31,47,50,22,102,S18_4409
03/07/2013,39,50,61,50,101,S18_4409
04/07/2013,26,47,90,66,137,S18_4409
05/07/2013,32,40,58,23,83,S18_4409
06/07/2013,20,42,32,25,48,S18_4409
07/07/2013,42,56,74,26,144,S18_4409
08/07/2013,33,40,42,24,66,S18_4409
09/07/2013,20,53,53,33,119,S18_4409
10/07/2013,29,47,70,66,137,S18_4409
11/07/2013,23,35,77,49,116,S18_4409
12/07/2013,39,74,70,53,156,S18_4409
13/07/2013,20,70,125,45,200,S18_4522
14/07/2013,45,52,58,26,104,S18_4522
15/07/2013,20,63,89,52,115,S18_4522
16/07/2013,48,67,59,41,89,S18_4522
17/07/2013,23,58,74,48,74,S18_4522
18/07/2013,32,68,99,54,153,S18_4522
19/07/2013,33,36,48,33,114,S18_4522
20/07/2013,61,44,106,57,136,S18_4522
21/07/2013,45,75,115,25,120,S18_4522
22/07/2013,38,82,90,47,108,S18_4522
23/07/2013,34,42,47,29,73,S18_4522
24/07/2013,43,53,57,23,95,S18_4522
25/07/2013,47,47,44,16,83,S18_4522
26/07/2013,22,78,78,74,124,S18_4522
27/07/2013,29,85,85,61,183,S18_4522
28/07/2013,28,32,52,20,102,S18_4522
29/07/2013,40,44,46,29,107,S18_4522
30/07/2013,25,45,74,35,106,S18_4522
31/07/2013,30,24,41,31,79,S18_4522
01/08/2013,38,45,81,45,162,S18_4522
02/08/2013,36,31,74,25,109,S18_4522
03/08/2013,32,56,59,43,125,S18_4522
04/08/2013,37,67,59,26,141,S18_4522
05/08/2013,30,44,55,44,70,S18_4522
06/08/2013,39,72,54,25,137,S18_4522
07/08/2013,32,90,115,70,195,S18_4522
08/08/2013,47,50,53,43,75,S18_4600
09/08/2013,26,65,61,61,83,S18_4600
10/08/2013,37,39,44,13,99,S18_4600
11/08/2013,55,50,67,25,106,S18_4600
12/08/2013,21,35,48,24,66,S18_4600
13/08/2013,23,62,62,41,135,S18_4600
14/08/2013,49,51,66,20,121,S18_4600
15/08/2013,59,53,86,77,182,S18_4600
16/08/2013,32,33,66,26,109,S18_4600
17/08/2013,43,28,58,30,60,S18_4600
18/08/2013,41,25,48,28,90,S18_4600
19/08/2013,45,51,54,24,96,S18_4600
20/08/2013,33,100,85,45,190,S18_4600
21/08/2013,40,52,86,34,133,S18_4600
22/08/2013,33,49,93,59,123,S18_4600
23/08/2013,50,71,105,29,97,S18_4600
24/08/2013,30,54,61,36,144,S18_4600
25/08/2013,41,81,108,23,131,S18_4600
26/08/2013,35,60,92,55,184,S18_4600
27/08/2013,49,44,61,58,82,S18_4600
28/08/2013,46,77,82,47,138,S18_4600
29/08/2013,48,35,33,13,68,S18_4600
30/08/2013,36,67,93,22,85,S18_4600
31/08/2013,22,40,53,31,81,S18_4600
01/09/2013,42,51,106,51,156,S18_4600
02/09/2013,21,59,56,48,111,S18_4600
03/09/2013,29,40,83,58,86,S18_4600
04/09/2013,35,39,57,27,78,S18_4668
05/09/2013,41,54,58,38,74,S18_4668
06/09/2013,29,43,53,43,92,S18_4668
07/09/2013,34,87,115,64,129,S18_4668
08/09/2013,37,63,113,36,131,S18_4668
09/09/2013,28,37,85,30,115,S18_4668
10/09/2013,49,71,76,21,130,S18_4668
11/09/2013,23,32,80,16,115,S18_4668
12/09/2013,46,56,59,33,132,S18_4668
13/09/2013,39,53,50,19,96,S18_4668
14/09/2013,22,42,45,25,70,S18_4668
15/09/2013,49,63,105,50,130,S18_4668
16/09/2013,43,54,68,36,97,S18_4668
17/09/2013,27,52,61,26,93,S18_4668
18/09/2013,31,36,36,30,56,S18_4668
19/09/2013,20,39,70,51,133,S18_4668
20/09/2013,24,69,73,43,133,S18_4668
21/09/2013,49,83,69,32,115,S18_4668
22/09/2013,24,43,51,32,76,S18_4668
23/09/2013,39,56,93,26,130,S18_4668
24/09/2013,37,86,91,43,130,S18_4668
25/09/2013,45,80,63,25,118,S18_4668
26/09/2013,45,88,118,54,142,S18_4668
27/09/2013,44,33,55,43,60,S18_4668
28/09/2013,23,37,62,50,81,S18_4668
29/09/2013,30,31,44,31,68,S18_4668
30/09/2013,26,50,50,20,109,S18_4668
01/10/2013,43,92,110,32,143,S18_4721
02/10/2013,26,41,73,44,90,S18_4721
03/10/2013,28,43,66,20,99,S18_4721
04/10/2013,27,41,65,51,116,S18_4721
05/10/2013,24,63,59,44,137,S18_4721
06/10/2013,40,71,92,50,122,S18_4721
07/10/2013,36,34,60,31,65,S18_4721
08/10/2013,21,52,71,80,160,S18_4721
09/10/2013,27,50,76,50,83,S18_4721
10/10/2013,47,72,88,56,160,S18_4721
11/10/2013,42,49,43,16,105,S18_4721
12/10/2013,32,70,101,48,123,S18_4721
13/10/2013,28,22,46,35,53,S18_4721
14/10/2013,24,96,86,62,144,S18_4721
15/10/2013,49,32,46,23,53,S18_4721
16/10/2013,46,60,78,23,133,S18_4721
17/10/2013,28,52,55,18,60,S18_4721
18/10/2013,48,72,120,62,149,S18_4721
19/10/2013,29,53,63,32,123,S18_4721
20/10/2013,47,41,38,29,62,S18_4721
21/10/2013,43,46,76,43,83,S18_4721
22/10/2013,25,33,69,53,109,S18_4721
23/10/2013,48,36,60,24,74,S18_4721
24/10/2013,24,72,108,77,126,S18_4721
25/10/2013,42,69,88,39,127,S18_4933
26/10/2013,31,51,68,38,84,S18_4933
27/10/2013,42,37,81,41,115,S18_4933
28/10/2013,37,39,90,59,140,S18_4933
29/10/2013,41,35,61,32,84,S18_4933
30/10/2013,20,30,55,16,55,S18_4933
31/10/2013,20,50,76,23,116,S18_4933
01/11/2013,70,58,101,34,187,S18_4933
02/11/2013,49,50,50,14,101,S18_4933
03/11/2013,35,60,90,65,103,S18_4933
04/11/2013,32,78,98,20,94,S18_4933
05/11/2013,29,49,65,21,101,S18_4933
06/11/2013,27,36,53,15,53,S18_4933
07/11/2013,27,69,113,34,118,S18_4933
08/11/2013,38,50,105,80,175,S18_4933
09/11/2013,35,44,58,12,83,S18_4933
10/11/2013,42,35,67,54,128,S18_4933
11/11/2013,21,29,51,15,70,S18_4933
12/11/2013,37,82,91,34,187,S18_4933
13/11/2013,26,54,83,36,144,S18_4933
14/11/2013,47,41,58,27,92,S18_4933
15/11/2013,37,44,60,56,104,S18_4933
16/11/2013,46,50,86,61,83,S24_1046
17/11/2013,38,44,64,32,104,S24_1046
18/11/2013,33,36,63,33,92,S24_1046
19/11/2013,24,77,104,36,153,S24_1046
20/11/2013,31,43,74,59,125,S24_1046
21/11/2013,42,58,65,43,115,S24_1046
22/11/2013,32,72,95,23,133,S24_1046
23/11/2013,41,36,42,42,94,S24_1046
24/11/2013,43,41,44,41,78,S24_1046
25/11/2013,20,52,69,30,138,S24_1046
26/11/2013,35,48,97,22,106,S24_1046
27/11/2013,27,46,60,25,130,S24_1046
28/11/2013,43,60,63,45,78,S24_1046
29/11/2013,32,44,68,52,112,S24_1046
30/11/2013,21,56,53,43,121,S24_1046
01/12/2013,20,49,41,35,86,S24_1046
02/12/2013,22,53,71,40,74,S24_1046
03/12/2013,36,41,78,24,109,S24_1046
04/12/2013,46,59,67,38,109,S24_1046
05/12/2013,47,85,90,85,185,S24_1046
06/12/2013,45,25,40,17,55,S24_1046
07/12/2013,47,49,62,16,91,S24_1046
08/12/2013,47,66,106,44,110,S24_1046
09/12/2013,38,50,63,20,60,S24_1444
10/12/2013,49,50,65,29,130,S24_1444
11/12/2013,35,61,71,47,113,S24_1444
12/12/2013,49,98,98,74,147,S24_1444
13/12/2013,28,39,59,55,90,S24_1444
14/12/2013,30,81,72,59,122,S24_1444
15/12/2013,39,98,88,34,176,S24_1444
16/12/2013,25,35,56,56,126,S24_1444
17/12/2013,40,30,57,19,84,S24_1444
18/12/2013,36,51,97,41,147,S24_1444
19/12/2013,76,100,75,70,165,S24_1444
20/12/2013,39,59,63,43,132,S24_1444
21/12/2013,44,65,54,54,102,S24_1444
22/12/2013,24,39,62,45,98,S24_1444
23/12/2013,39,86,68,45,131,S24_1444
24/12/2013,21,86,95,30,112,S24_1444
25/12/2013,30,31,42,31,112,S24_1444
26/12/2013,27,34,61,54,92,S24_1444
27/12/2013,37,70,74,29,139,S24_1444
28/12/2013,42,54,72,41,140,S24_1444
29/12/2013,32,44,46,35,86,S24_1444
30/12/2013,42,98,103,83,118,S24_1444
31/12/2013,21,75,94,28,174,S24_1444
01/01/2014,33,36,90,61,119,S24_1444
02/01/2014,49,35,40,37,75,S24_1444
03/01/2014,31,39,44,23,62,S24_1444
04/01/2014,38,52,58,38,87,S24_1444
05/01/2014,20,54,58,58,144,S24_1444
06/01/2014,39,41,58,17,116,S24_1578
07/01/2014,48,61,90,50,101,S24_1578
08/01/2014,39,44,61,20,92,S24_1578
09/01/2014,30,50,50,43,74,S24_1578
10/01/2014,33,26,60,31,86,S24_1578
11/01/2014,36,56,64,60,92,S24_1578
12/01/2014,36,100,110,40,130,S24_1578
13/01/2014,45,50,61,50,115,S24_1578
14/01/2014,40,83,93,54,196,S24_1578
15/01/2014,46,53,70,28,105,S24_1578
16/01/2014,30,41,63,37,148,S24_1578
17/01/2014,31,87,87,74,166,S24_1578
18/01/2014,49,90,99,27,117,S24_1578
19/01/2014,41,30,57,27,78,S24_1578
20/01/2014,35,57,98,53,111,S24_1578
21/01/2014,27,54,86,23,122,S24_1578
22/01/2014,23,22,48,15,55,S24_1578
23/01/2014,21,36,48,29,55,S24_1578
24/01/2014,34,59,70,59,104,S24_1578
25/01/2014,22,59,59,59,144,S24_1578
26/01/2014,48,52,55,20,67,S24_1578
27/01/2014,43,46,74,46,116,S24_1578
28/01/2014,32,46,71,38,109,S24_1578
29/01/2014,20,70,92,31,132,S24_1578
30/01/2014,24,42,54,32,96,S24_1578
31/01/2014,40,36,83,36,99,S24_1578
01/02/2014,30,43,48,24,70,S24_1628
02/02/2014,21,43,53,50,118,S24_1628
03/02/2014,25,74,98,55,117,S24_1628
04/02/2014,34,86,104,68,131,S24_1628
05/02/2014,48,86,77,38,163,S24_1628
06/02/2014,55,78,82,66,164,S24_1628
07/02/2014,25,36,44,17,63,S24_1628
08/02/2014,38,46,48,29,67,S24_1628
09/02/2014,39,38,58,29,74,S24_1628
10/02/2014,28,50,53,17,90,S24_1628
11/02/2014,24,55,101,63,151,S24_1628
12/02/2014,21,96,102,109,250,S24_1628
13/02/2014,46,65,65,48,85,S24_1628
14/02/2014,25,45,60,21,84,S24_1628
15/02/2014,34,64,104,93,145,S24_1628
16/02/2014,25,41,50,31,91,S24_1628
17/02/2014,23,72,61,30,144,S24_1628
18/02/2014,20,84,67,67,101,S24_1628
19/02/2014,23,74,74,74,129,S24_1628
20/02/2014,42,24,48,34,64,S24_1628
21/02/2014,27,30,51,27,81,S24_1628
22/02/2014,33,38,50,13,82,S24_1628
23/02/2014,28,87,115,32,110,S24_1628
24/02/2014,43,89,94,71,165,S24_1628
25/02/2014,48,28,48,14,64,S24_1785
26/02/2014,48,41,61,41,67,S24_1785
27/02/2014,45,57,74,45,107,S24_1785
28/02/2014,43,38,53,25,84,S24_1785
01/03/2014,44,74,70,45,148,S24_1785
02/03/2014,24,48,63,22,104,S24_1785
03/03/2014,31,53,69,53,83,S24_1785
04/03/2014,44,84,70,26,123,S24_1785
05/03/2014,59,37,89,37,111,S24_1785
06/03/2014,55,46,101,67,139,S24_1785
07/03/2014,29,30,54,39,75,S24_1785
08/03/2014,39,29,42,11,81,S24_1785
09/03/2014,20,42,36,19,84,S24_1785
10/03/2014,25,52,113,47,183,S24_1785
11/03/2014,42,53,70,17,70,S24_1785
12/03/2014,36,29,62,18,83,S24_1785
13/03/2014,37,27,65,24,65,S24_1785
14/03/2014,30,184,213,126,281,S24_1785
15/03/2014,21,73,122,73,226,S24_1785
16/03/2014,34,66,127,61,171,S24_1785
17/03/2014,42,85,103,80,141,S24_1785
18/03/2014,20,114,122,61,304,S24_1785
19/03/2014,40,67,110,85,238,S24_1785
20/03/2014,34,91,72,24,139,S24_1937
21/03/2014,31,130,117,104,247,S24_1937
22/03/2014,36,59,63,17,96,S24_1937
23/03/2014,48,73,69,52,120,S24_1937
24/03/2014,33,62,86,47,109,S24_1937
25/03/2014,37,44,55,23,83,S24_1937
26/03/2014,27,29,53,11,78,S24_1937
27/03/2014,39,35,37,13,75,S24_1937
28/03/2014,36,35,44,37,83,S24_1937
29/03/2014,36,45,70,57,144,S24_1937
30/03/2014,41,38,48,25,69,S24_1937
31/03/2014,37,49,87,65,148,S24_1937
01/04/2014,47,77,108,77,113,S24_1937
02/04/2014,15,75,95,65,180,S24_1937
03/04/2014,44,29,46,36,77,S24_1937
04/04/2014,35,30,39,14,92,S24_1937
05/04/2014,41,66,59,23,116,S24_1937
06/04/2014,49,44,76,20,144,S24_1937
07/04/2014,31,78,98,62,103,S24_1937
08/04/2014,20,34,65,51,136,S24_1937
09/04/2014,45,66,82,25,152,S24_1937
10/04/2014,33,45,63,28,83,S24_1937
11/04/2014,47,53,57,42,95,S24_1937
12/04/2014,20,33,45,15,78,S24_1937
13/04/2014,47,64,80,19,106,S24_1937
14/04/2014,40,61,51,54,129,S24_2000
15/04/2014,30,64,69,23,138,S24_2000
16/04/2014,22,61,76,32,144,S24_2000
17/04/2014,27,77,94,47,165,S24_2000
18/04/2014,34,152,122,68,258,S24_2000
19/04/2014,46,50,92,50,164,S24_2000
20/04/2014,31,45,98,53,160,S24_2000
21/04/2014,24,12,11,8,17,S24_2000
22/04/2014,41,112,112,92,205,S24_2000
23/04/2014,55,52,52,42,70,S24_2000
24/04/2014,30,102,128,102,256,S24_2000
25/04/2014,33,91,122,68,251,S24_2000
26/04/2014,43,106,148,59,153,S24_2000
27/04/2014,27,22,21,13,36,S24_2000
28/04/2014,60,73,99,47,133,S24_2000
29/04/2014,27,29,29,12,57,S24_2000
30/04/2014,49,7,11,9,17,S24_2000
01/05/2014,31,92,146,37,214,S24_2000
02/05/2014,20,66,71,28,179,S24_2000
03/05/2014,24,33,63,50,79,S24_2000
04/05/2014,33,64,110,46,166,S24_2000
05/05/2014,32,52,99,60,129,S24_2000
06/05/2014,40,42,36,11,48,S24_2000
07/05/2014,27,30,54,32,95,S24_2000
08/05/2014,40,62,78,21,103,S24_2000
09/05/2014,26,49,88,35,102,S24_2000
10/05/2014,44,24,42,24,64,S24_2011
11/05/2014,33,42,67,21,123,S24_2011
12/05/2014,34,39,48,28,78,S24_2011
13/05/2014,48,45,45,43,100,S24_2011
14/05/2014,25,55,70,44,113,S24_2011
15/05/2014,39,42,57,61,137,S24_2011
16/05/2014,45,52,62,26,101,S24_2011
17/05/2014,24,45,64,20,95,S24_2011
18/05/2014,46,41,49,41,110,S24_2011
19/05/2014,44,46,78,46,175,S24_2011
20/05/2014,13,46,52,41,110,S24_2011
21/05/2014,35,64,74,37,147,S24_2011
22/05/2014,30,53,67,49,112,S24_2011
23/05/2014,34,51,94,27,113,S24_2011
24/05/2014,27,65,58,27,136,S24_2011
25/05/2014,30,52,49,38,90,S24_2011
26/05/2014,50,40,53,20,70,S24_2011
27/05/2014,34,38,67,29,110,S24_2011
28/05/2014,23,49,108,54,132,S24_2011
29/05/2014,48,75,80,47,165,S24_2011
30/05/2014,34,48,55,36,86,S24_2011
31/05/2014,48,36,50,34,84,S24_2011
01/06/2014,24,56,103,52,168,S24_2011
02/06/2014,47,56,64,52,108,S24_2011
03/06/2014,24,24,46,18,64,S24_2011
04/06/2014,47,77,77,73,159,S24_2011
05/06/2014,20,60,66,48,78,S24_2022
06/06/2014,20,43,43,24,96,S24_2022
07/06/2014,31,44,67,29,75,S24_2022
08/06/2014,38,65,72,58,133,S24_2022
09/06/2014,26,70,74,35,152,S24_2022
10/06/2014,25,68,80,40,112,S24_2022
11/06/2014,48,35,44,18,79,S24_2022
12/06/2014,44,28,46,12,64,S24_2022
13/06/2014,21,47,90,61,94,S24_2022
14/06/2014,46,76,71,63,105,S24_2022
15/06/2014,46,72,68,38,152,S24_2022
16/06/2014,55,64,115,38,179,S24_2022
17/06/2014,31,88,78,78,182,S24_2022
18/06/2014,20,49,113,54,152,S24_2022
19/06/2014,29,124,136,62,211,S24_2022
20/06/2014,33,106,106,56,202,S24_2022
21/06/2014,34,13,24,14,35,S24_2022
22/06/2014,32,128,170,68,323,S24_2022
23/06/2014,27,23,40,15,57,S24_2022
24/06/2014,21,154,123,131,254,S24_2022
25/06/2014,27,36,67,17,104,S24_2022
26/06/2014,36,69,92,74,115,S24_2022
27/06/2014,43,74,74,78,156,S24_2022
28/06/2014,25,61,99,61,188,S24_2022
29/06/2014,46,70,101,70,150,S24_2022
30/06/2014,24,54,54,24,78,S24_2300
01/07/2014,39,35,35,37,71,S24_2300
02/07/2014,31,78,62,23,137,S24_2300
03/07/2014,22,51,70,22,115,S24_2300
04/07/2014,47,49,60,26,60,S24_2300
05/07/2014,20,36,38,22,52,S24_2300
06/07/2014,29,42,42,36,83,S24_2300
07/07/2014,38,26,49,13,75,S24_2300
08/07/2014,34,32,49,43,70,S24_2300
09/07/2014,46,26,50,22,74,S24_2300
10/07/2014,35,77,104,32,131,S24_2300
11/07/2014,34,83,83,94,198,S24_2300
12/07/2014,38,59,106,100,171,S24_2300
13/07/2014,18,43,60,14,77,S24_2300
14/07/2014,37,112,165,53,172,S24_2300
15/07/2014,43,99,158,66,224,S24_2300
16/07/2014,27,43,61,29,90,S24_2300
17/07/2014,30,60,115,64,124,S24_2300
18/07/2014,22,32,54,16,73,S24_2300
19/07/2014,49,39,60,18,96,S24_2300
20/07/2014,46,77,104,68,158,S24_2300
21/07/2014,48,50,53,31,93,S24_2300
22/07/2014,46,34,42,39,64,S24_2300
23/07/2014,48,32,55,35,70,S24_2300
24/07/2014,27,22,44,26,66,S24_2300
25/07/2014,43,41,103,21,135,S24_2300
26/07/2014,48,83,98,49,167,S24_2300
27/07/2014,41,70,79,75,132,S24_2360
28/07/2014,22,80,99,75,169,S24_2360
29/07/2014,46,31,33,33,77,S24_2360
30/07/2014,21,28,37,35,55,S24_2360
31/07/2014,31,32,41,46,76,S24_2360
01/08/2014,26,72,92,28,152,S24_2360
02/08/2014,20,41,62,41,70,S24_2360
03/08/2014,34,74,92,23,175,S24_2360
04/08/2014,43,67,56,53,116,S24_2360
05/08/2014,26,47,39,31,73,S24_2360
06/08/2014,50,54,65,24,92,S24_2360
07/08/2014,35,48,78,41,85,S24_2360
08/08/2014,50,24,48,34,58,S24_2360
09/08/2014,23,29,23,17,56,S24_2360
10/08/2014,37,52,118,52,188,S24_2360
11/08/2014,29,38,64,32,115,S24_2360
12/08/2014,21,23,36,14,56,S24_2360
13/08/2014,36,48,91,53,110,S24_2360
14/08/2014,22,63,86,72,180,S24_2360
15/08/2014,22,42,39,31,70,S24_2360
16/08/2014,46,48,93,59,107,S24_2360
17/08/2014,23,46,39,30,71,S24_2360
18/08/2014,49,35,40,37,81,S24_2360
19/08/2014,48,82,74,41,135,S24_2360
20/08/2014,33,59,78,27,94,S24_2360
21/08/2014,22,86,65,52,159,S24_2766
22/08/2014,22,81,72,63,158,S24_2766
23/08/2014,25,35,43,43,81,S24_2766
24/08/2014,20,40,68,43,105,S24_2766
25/08/2014,42,45,51,32,93,S24_2766
26/08/2014,25,48,100,52,116,S24_2766
27/08/2014,23,70,56,59,126,S24_2766
28/08/2014,37,50,65,40,102,S24_2766
29/08/2014,37,90,100,45,185,S24_2766
30/08/2014,42,43,54,47,126,S24_2766
31/08/2014,51,59,62,47,74,S24_2766
01/09/2014,40,42,60,21,84,S24_2766
02/09/2014,43,44,92,48,141,S24_2766
03/09/2014,47,84,88,75,101,S24_2766
04/09/2014,23,57,76,49,103,S24_2766
05/09/2014,35,99,106,86,158,S24_2766
06/09/2014,34,59,99,50,135,S24_2766
07/09/2014,25,73,134,62,196,S24_2766
08/09/2014,45,27,36,15,67,S24_2766
09/09/2014,47,36,54,40,119,S24_2766
10/09/2014,49,53,70,49,137,S24_2766
11/09/2014,40,22,26,18,34,S24_2766
12/09/2014,29,13,23,8,38,S24_2766
13/09/2014,39,44,51,54,122,S24_2840
14/09/2014,24,35,77,45,115,S24_2840
15/09/2014,25,72,95,34,91,S24_2840
16/09/2014,36,59,70,41,100,S24_2840
17/09/2014,50,74,90,23,140,S24_2840
18/09/2014,45,34,85,41,85,S24_2840
19/09/2014,26,72,121,50,138,S24_2840
20/09/2014,21,56,74,39,102,S24_2840
21/09/2014,42,60,99,65,99,S24_2840
22/09/2014,32,29,33,14,36,S24_2840
23/09/2014,31,88,127,61,198,S24_2840
24/09/2014,33,84,161,42,182,S24_2840
25/09/2014,45,50,59,22,67,S24_2840
26/09/2014,76,48,97,26,150,S24_2840
27/09/2014,70,82,69,30,138,S24_2840
28/09/2014,50,60,78,64,170,S24_2840
29/09/2014,28,46,44,20,110,S24_2840
30/09/2014,50,34,52,42,86,S24_2840
01/10/2014,28,26,55,42,91,S24_2840
02/10/2014,44,60,115,69,115,S24_2840
03/10/2014,27,48,75,34,95,S24_2840
04/10/2014,30,85,95,75,180,S24_2840
05/10/2014,43,64,58,38,74,S24_2840
06/10/2014,29,34,50,21,57,S24_2840
07/10/2014,48,42,101,38,164,S24_2840
08/10/2014,33,42,67,50,160,S24_2840
09/10/2014,40,44,68,24,122,S24_2840
10/10/2014,48,65,86,50,101,S24_2840
11/10/2014,41,30,41,37,58,S24_2841
12/10/2014,21,26,40,35,73,S24_2841
13/10/2014,32,50,77,32,162,S24_2841
14/10/2014,43,29,35,35,62,S24_2841
15/10/2014,30,42,80,32,125,S24_2841
16/10/2014,35,43,55,20,85,S24_2841
17/10/2014,45,74,123,39,172,S24_2841
18/10/2014,34,73,90,69,159,S24_2841
19/10/2014,26,51,69,46,147,S24_2841
20/10/2014,39,36,32,20,76,S24_2841
21/10/2014,41,62,86,62,156,S24_2841
22/10/2014,41,50,56,16,90,S24_2841
23/10/2014,64,26,60,16,99,S24_2841
24/10/2014,18,66,85,56,127,S24_2841
25/10/2014,49,61,95,46,91,S24_2841
26/10/2014,48,72,86,43,140,S24_2841
27/10/2014,46,25,48,20,85,S24_2841
28/10/2014,26,62,120,58,187,S24_2841
29/10/2014,37,49,84,34,103,S24_2841
30/10/2014,35,26,33,15,70,S24_2841
31/10/2014,23,25,44,23,82,S24_2841
01/11/2014,22,46,95,42,152,S24_2841
02/11/2014,39,71,92,55,109,S24_2841
03/11/2014,44,52,65,22,133,S24_2841
04/11/2014,27,56,62,50,84,S24_2841
05/11/2014,46,69,110,64,175,S24_2841
06/11/2014,33,36,60,48,105,S24_2887
07/11/2014,33,72,91,34,137,S24_2887
08/11/2014,24,85,115,55,120,S24_2887
09/11/2014,31,65,73,26,129,S24_2887
10/11/2014,41,27,43,32,81,S24_2887
11/11/2014,22,34,54,44,85,S24_2887
12/11/2014,46,43,69,26,146,S24_2887
13/11/2014,43,44,39,39,88,S24_2887
14/11/2014,15,77,77,54,176,S24_2887
15/11/2014,15,48,70,37,122,S24_2887
16/11/2014,26,40,83,47,144,S24_2887
17/11/2014,44,54,104,54,117,S24_2887
18/11/2014,20,53,77,42,81,S24_2887
19/11/2014,40,112,132,53,172,S24_2887
20/11/2014,23,40,54,54,137,S24_2887
21/11/2014,24,108,150,102,186,S24_2887
22/11/2014,29,70,85,37,104,S24_2887
23/11/2014,49,59,108,36,108,S24_2887
24/11/2014,34,68,100,28,92,S24_2887
25/11/2014,28,51,90,66,125,S24_2887
26/11/2014,37,55,94,66,176,S24_2887
27/11/2014,45,35,74,32,116,S24_2887
28/11/2014,46,47,57,16,81,S24_2972
29/11/2014,22,26,30,24,44,S24_2972
30/11/2014,39,86,86,81,162,S24_2972
01/12/2014,27,78,98,45,148,S24_2972
02/12/2014,36,67,129,45,190,S24_2972
03/12/2014,38,47,75,61,160,S24_2972
04/12/2014,44,102,108,48,234,S24_2972
05/12/2014,31,36,32,15,78,S24_2972
06/12/2014,23,98,147,91,280,S24_2972
07/12/2014,22,54,60,42,75,S24_2972
08/12/2014,28,50,68,34,105,S24_2972
09/12/2014,21,21,36,27,55,S24_2972
10/12/2014,37,44,65,16,104,S24_2972
11/12/2014,31,92,97,41,199,S24_2972
12/12/2014,25,30,45,30,100,S24_2972
13/12/2014,26,17,18,6,33,S24_2972
14/12/2014,34,37,47,47,102,S24_2972
15/12/2014,29,36,40,27,63,S24_2972
16/12/2014,20,27,44,36,61,S24_2972
17/12/2014,42,34,42,25,101,S24_2972
18/12/2014,22,55,95,80,150,S24_2972
19/12/2014,47,65,87,65,103,S24_2972
20/12/2014,20,54,93,54,196,S24_2972
21/12/2014,33,66,50,43,129,S24_2972
22/12/2014,39,86,130,27,189,S24_2972
23/12/2014,33,45,67,22,87,S24_2972
24/12/2014,40,76,68,34,141,S24_2972
25/12/2014,46,29,42,17,53,S24_3151
26/12/2014,48,56,45,20,112,S24_3151
27/12/2014,21,65,68,34,87,S24_3151
28/12/2014,45,31,39,29,101,S24_3151
29/12/2014,33,55,138,66,165,S24_3151
30/12/2014,44,83,93,49,152,S24_3151
31/12/2014,33,43,59,28,90,S24_3151
01/01/2015,39,41,94,62,156,S24_3151
02/01/2015,39,17,21,6,28,S24_3151
03/01/2015,41,48,92,57,123,S24_3151
04/01/2015,40,32,36,22,41,S24_3151
05/01/2015,33,87,78,23,156,S24_3151
06/01/2015,28,51,82,51,126,S24_3151
07/01/2015,26,39,48,45,64,S24_3151
08/01/2015,29,57,76,34,91,S24_3151
09/01/2015,46,44,67,26,110,S24_3151
10/01/2015,33,27,44,29,67,S24_3151
11/01/2015,48,45,108,50,158,S24_3151
12/01/2015,40,63,56,19,111,S24_3151
13/01/2015,23,57,92,44,132,S24_3151
14/01/2015,40,88,66,62,150,S24_3151
15/01/2015,37,62,92,75,163,S24_3151
16/01/2015,24,48,60,43,75,S24_3151
17/01/2015,27,30,65,22,108,S24_3151
18/01/2015,21,92,110,74,156,S24_3151
19/01/2015,23,44,88,28,148,S24_3151
20/01/2015,44,44,46,11,73,S24_3191
21/01/2015,35,54,72,51,75,S24_3191
22/01/2015,43,47,58,50,137,S24_3191
23/01/2015,40,72,86,34,192,S24_3191
24/01/2015,35,48,101,75,110,S24_3191
25/01/2015,25,29,55,15,75,S24_3191
26/01/2015,43,59,118,74,147,S24_3191
27/01/2015,50,78,92,37,138,S24_3191
28/01/2015,45,42,56,39,88,S24_3191
29/01/2015,52,60,96,32,132,S24_3191
30/01/2015,48,22,55,18,79,S24_3191
31/01/2015,31,54,103,59,196,S24_3191
01/02/2015,29,58,79,47,104,S24_3191
02/02/2015,23,66,89,80,141,S24_3191
03/02/2015,31,40,53,20,73,S24_3191
04/02/2015,23,98,118,74,142,S24_3191
05/02/2015,24,48,53,29,91,S24_3191
06/02/2015,28,92,87,82,148,S24_3191
07/02/2015,44,32,32,15,48,S24_3191
08/02/2015,22,79,110,35,145,S24_3191
09/02/2015,46,66,86,62,115,S24_3191
10/02/2015,22,77,82,48,139,S24_3191
11/02/2015,38,16,38,14,61,S24_3191
12/02/2015,47,37,55,21,53,S24_3371
13/02/2015,48,72,102,66,162,S24_3371
14/02/2015,40,51,117,41,153,S24_3371
15/02/2015,32,41,63,33,89,S24_3371
16/02/2015,49,34,51,24,109,S24_3371
17/02/2015,43,59,53,47,118,S24_3371
18/02/2015,41,39,62,22,78,S24_3371
19/02/2015,30,27,54,24,84,S24_3371
20/02/2015,28,75,108,61,183,S24_3371
21/02/2015,43,54,65,41,99,S24_3371
22/02/2015,41,85,80,50,190,S24_3371
23/02/2015,30,38,74,22,118,S24_3371
24/02/2015,31,38,60,38,78,S24_3371
25/02/2015,32,48,84,53,150,S24_3371
26/02/2015,43,24,32,22,78,S24_3371
27/02/2015,26,29,32,34,78,S24_3371
28/02/2015,27,45,74,19,128,S24_3371
01/03/2015,24,71,71,29,113,S24_3371
02/03/2015,22,76,71,42,155,S24_3371
03/03/2015,46,58,72,58,149,S24_3371
04/03/2015,37,42,51,45,69,S24_3371
05/03/2015,49,23,46,21,83,S24_3371
06/03/2015,21,43,54,36,122,S24_3371
07/03/2015,25,52,60,20,124,S24_3371
08/03/2015,37,51,74,19,90,S24_3371
09/03/2015,45,51,51,42,120,S24_3371
10/03/2015,32,63,77,56,105,S24_3420
11/03/2015,29,44,39,39,60,S24_3420
12/03/2015,26,71,67,50,155,S24_3420
13/03/2015,28,44,56,63,89,S24_3420
14/03/2015,27,64,80,22,102,S24_3420
15/03/2015,20,24,32,22,60,S24_3420
16/03/2015,44,54,75,58,116,S24_3420
17/03/2015,42,43,108,60,138,S24_3420
18/03/2015,41,43,59,47,121,S24_3420
19/03/2015,26,43,38,20,63,S24_3420
20/03/2015,26,23,50,36,74,S24_3420
21/03/2015,26,36,36,19,80,S24_3420
22/03/2015,41,49,74,18,130,S24_3420
23/03/2015,20,34,42,14,90,S24_3420
24/03/2015,22,47,62,43,156,S24_3420
25/03/2015,23,61,82,54,99,S24_3420
26/03/2015,33,52,99,56,99,S24_3420
27/03/2015,28,29,70,26,99,S24_3420
28/03/2015,44,34,50,53,96,S24_3420
29/03/2015,46,69,92,28,170,S24_3420
30/03/2015,21,26,30,18,50,S24_3420
31/03/2015,41,48,40,40,73,S24_3420
01/04/2015,31,60,76,44,152,S24_3420
02/04/2015,31,48,70,35,96,S24_3420
03/04/2015,23,97,87,31,168,S24_3420
04/04/2015,37,36,44,36,65,S24_3420
05/04/2015,26,23,40,23,72,S24_3420
06/04/2015,24,45,77,19,106,S24_3432
07/04/2015,47,67,67,67,109,S24_3432
08/04/2015,45,48,38,36,77,S24_3432
09/04/2015,55,44,37,15,73,S24_3432
10/04/2015,46,28,50,25,98,S24_3432
11/04/2015,50,70,94,49,131,S24_3432
12/04/2015,37,42,52,39,99,S24_3432
13/04/2015,44,43,41,38,77,S24_3432
14/04/2015,49,35,41,35,60,S24_3432
15/04/2015,45,43,83,43,129,S24_3432
16/04/2015,27,59,78,19,144,S24_3432
17/04/2015,31,56,76,64,124,S24_3432
18/04/2015,33,34,71,31,118,S24_3432
19/04/2015,31,64,72,64,120,S24_3432
20/04/2015,35,48,38,24,96,S24_3432
21/04/2015,26,55,78,59,140,S24_3432
22/04/2015,34,46,50,53,76,S24_3432
23/04/2015,46,86,108,72,122,S24_3432
24/04/2015,41,45,70,29,131,S24_3432
25/04/2015,43,50,105,55,185,S24_3432
26/04/2015,26,56,71,47,74,S24_3432
27/04/2015,36,68,81,45,153,S24_3432
28/04/2015,20,84,76,67,143,S24_3432
29/04/2015,27,39,66,30,78,S24_3816
30/04/2015,37,38,61,29,80,S24_3816
01/05/2015,24,60,95,65,175,S24_3816
02/05/2015,36,83,93,69,181,S24_3816
03/05/2015,29,44,67,37,111,S24_3816
04/05/2015,28,42,49,21,65,S24_3816
05/05/2015,29,55,74,51,138,S24_3816
06/05/2015,38,32,58,48,80,S24_3816
07/05/2015,48,44,62,21,99,S24_3816
08/05/2015,40,49,66,41,111,S24_3816
09/05/2015,41,87,74,78,166,S24_3816
10/05/2015,30,70,62,33,160,S24_3816
11/05/2015,35,48,69,36,72,S24_3816
12/05/2015,28,65,68,54,112,S24_3816
13/05/2015,45,48,75,24,87,S24_3816
14/05/2015,24,32,59,30,86,S24_3816
15/05/2015,41,82,82,41,148,S24_3816
16/05/2015,48,21,42,21,59,S24_3816
17/05/2015,50,50,67,45,81,S24_3816
18/05/2015,33,52,103,66,113,S24_3816
19/05/2015,32,34,78,31,115,S24_3816
20/05/2015,27,90,72,63,135,S24_3816
21/05/2015,35,48,92,56,116,S24_3816
22/05/2015,23,38,30,12,80,S24_3816
23/05/2015,35,29,46,17,99,S24_3816
24/05/2015,40,59,90,59,180,S24_3816
25/05/2015,35,42,34,13,55,S24_3856
26/05/2015,31,76,84,48,144,S24_3856
27/05/2015,50,50,63,56,125,S24_3856
28/05/2015,40,46,88,53,105,S24_3856
29/05/2015,38,49,49,26,113,S24_3856
30/05/2015,38,60,110,80,165,S24_3856
31/05/2015,40,22,55,22,51,S24_3856
01/06/2015,33,76,68,40,92,S24_3856
02/06/2015,36,47,47,13,99,S24_3856
03/06/2015,20,27,50,15,80,S24_3856
04/06/2015,32,54,65,14,78,S24_3856
05/06/2015,36,22,44,34,46,S24_3856
06/06/2015,19,68,61,36,83,S24_3856
07/06/2015,11,44,40,37,70,S24_3856
08/06/2015,49,34,82,20,78,S24_3856
09/06/2015,27,75,75,53,158,S24_3856
10/06/2015,29,50,55,20,90,S24_3856
11/06/2015,42,55,115,85,145,S24_3856
12/06/2015,33,29,46,32,67,S24_3856
13/06/2015,44,83,93,69,127,S24_3856
14/06/2015,22,45,67,19,106,S24_3856
15/06/2015,48,51,61,41,112,S24_3856
16/06/2015,33,44,71,27,136,S24_3856
17/06/2015,45,48,55,19,72,S24_3856
18/06/2015,20,78,97,51,184,S24_3856
19/06/2015,46,88,123,39,162,S24_3856
20/06/2015,40,86,96,34,173,S24_3856
21/06/2015,45,44,72,44,104,S24_3949
22/06/2015,36,69,108,25,147,S24_3949
23/06/2015,31,64,100,64,96,S24_3949
24/06/2015,46,84,79,22,136,S24_3949
25/06/2015,35,43,66,46,79,S24_3949
26/06/2015,28,32,49,27,103,S24_3949
27/06/2015,31,35,70,53,137,S24_3949
28/06/2015,27,25,36,29,65,S24_3949
29/06/2015,22,93,113,64,162,S24_3949
30/06/2015,30,53,90,45,123,S24_3949
01/07/2015,44,69,106,69,124,S24_3949
02/07/2015,30,23,58,23,87,S24_3949
03/07/2015,24,88,113,25,181,S24_3949
04/07/2015,45,46,51,32,92,S24_3949
05/07/2015,23,34,46,31,58,S24_3949
06/07/2015,26,30,57,32,103,S24_3949
07/07/2015,28,61,65,24,126,S24_3949
08/07/2015,49,44,92,44,140,S24_3949
09/07/2015,49,74,66,70,119,S24_3949
10/07/2015,29,48,120,29,149,S24_3949
11/07/2015,49,46,59,36,129,S24_3949
12/07/2015,39,48,54,17,109,S24_3949
13/07/2015,36,76,92,71,122,S24_3949
14/07/2015,39,44,56,48,137,S24_3949
15/07/2015,30,26,55,31,62,S24_3949
16/07/2015,44,37,62,43,74,S24_3949
17/07/2015,20,94,118,42,150,S24_3949
18/07/2015,21,83,92,28,161,S24_3969
19/07/2015,36,83,92,64,115,S24_3969
20/07/2015,32,84,97,29,130,S24_3969
21/07/2015,36,34,41,19,65,S24_3969
22/07/2015,34,90,99,72,180,S24_3969
23/07/2015,48,63,81,54,149,S24_3969
24/07/2015,33,29,46,33,51,S24_3969
25/07/2015,31,25,43,13,100,S24_3969
26/07/2015,36,22,46,26,80,S24_3969
27/07/2015,25,74,62,20,125,S24_3969
28/07/2015,48,26,42,14,74,S24_3969
29/07/2015,27,50,90,77,162,S24_3969
30/07/2015,44,55,70,17,113,S24_3969
31/07/2015,33,46,74,69,106,S24_3969
01/08/2015,29,69,115,41,175,S24_3969
02/08/2015,49,62,86,48,173,S24_3969
03/08/2015,20,22,48,22,46,S24_3969
04/08/2015,31,37,78,37,96,S24_3969
05/08/2015,39,94,71,42,113,S24_3969
06/08/2015,20,24,46,34,78,S24_3969
07/08/2015,34,34,54,41,136,S24_3969
08/08/2015,50,56,94,38,141,S24_3969
09/08/2015,40,26,38,12,55,S24_4048
10/08/2015,28,48,93,41,130,S24_4048
11/08/2015,50,78,103,33,94,S24_4048
12/08/2015,28,70,82,57,135,S24_4048
13/08/2015,46,52,69,73,163,S24_4048
14/08/2015,24,38,51,54,99,S24_4048
15/08/2015,24,54,78,24,92,S24_4048
16/08/2015,39,49,73,46,102,S24_4048
17/08/2015,40,62,78,37,115,S24_4048
18/08/2015,49,49,59,43,84,S24_4048
19/08/2015,44,50,47,53,105,S24_4048
20/08/2015,35,38,34,10,72,S24_4048
21/08/2015,22,60,75,48,93,S24_4048
22/08/2015,62,63,53,32,137,S24_4048
23/08/2015,26,52,65,39,112,S24_4048
24/08/2015,31,66,75,48,172,S24_4048
25/08/2015,25,52,93,19,137,S24_4048
26/08/2015,30,47,71,28,78,S24_4048
27/08/2015,27,52,60,34,78,S24_4048
28/08/2015,23,31,68,31,105,S24_4048
29/08/2015,34,83,118,44,142,S24_4048
30/08/2015,22,82,74,33,160,S24_4048
31/08/2015,42,46,101,37,133,S24_4048
01/09/2015,37,20,48,34,60,S24_4048
02/09/2015,30,20,30,14,66,S24_4048
03/09/2015,27,51,60,18,99,S24_4048
04/09/2015,25,44,46,49,90,S24_4258
05/09/2015,34,32,64,54,115,S24_4258
06/09/2015,38,77,77,62,110,S24_4258
07/09/2015,26,23,40,17,57,S24_4258
08/09/2015,38,51,54,48,99,S24_4258
09/09/2015,50,48,62,25,109,S24_4258
10/09/2015,22,56,95,56,116,S24_4258
11/09/2015,32,47,78,37,93,S24_4258
12/09/2015,31,46,80,57,141,S24_4258
13/09/2015,40,76,61,49,141,S24_4258
14/09/2015,22,44,97,75,114,S24_4258
15/09/2015,41,35,51,38,93,S24_4258
16/09/2015,45,36,38,17,76,S24_4258
17/09/2015,45,60,115,74,166,S24_4258
18/09/2015,39,67,71,67,143,S24_4258
19/09/2015,49,82,82,62,154,S24_4258
20/09/2015,27,48,53,22,79,S24_4258
21/09/2015,34,55,58,49,113,S24_4258
22/09/2015,20,72,110,48,115,S24_4258
23/09/2015,48,72,90,72,180,S24_4258
24/09/2015,29,67,92,34,143,S24_4258
25/09/2015,43,59,72,36,144,S24_4258
26/09/2015,41,56,62,37,96,S24_4258
27/09/2015,41,52,55,44,67,S24_4258
28/09/2015,36,30,36,26,74,S24_4258
29/09/2015,49,54,46,19,73,S24_4258
30/09/2015,38,75,118,42,179,S24_4278
01/10/2015,33,23,53,16,60,S24_4278
02/10/2015,26,36,66,33,132,S24_4278
03/10/2015,47,33,69,30,72,S24_4278
04/10/2015,34,75,92,26,172,S24_4278
05/10/2015,34,63,86,50,144,S24_4278
06/10/2015,40,69,74,83,118,S24_4278
07/10/2015,40,39,53,60,102,S24_4278
08/10/2015,33,51,57,41,105,S24_4278
09/10/2015,49,70,82,51,133,S24_4278
10/10/2015,27,59,62,34,90,S24_4278
11/10/2015,49,80,105,30,165,S24_4278
12/10/2015,56,85,85,85,145,S24_4278
13/10/2015,37,28,55,25,70,S24_4278
14/10/2015,33,38,36,30,46,S24_4278
15/10/2015,27,50,60,28,95,S24_4278
16/10/2015,46,72,86,72,135,S24_4278
17/10/2015,44,73,108,30,172,S24_4278
18/10/2015,26,42,91,23,106,S24_4278
19/10/2015,48,22,42,11,53,S24_4278
20/10/2015,23,56,56,49,88,S24_4278
21/10/2015,45,45,104,32,135,S24_4278
22/10/2015,49,44,82,54,102,S24_4278
23/10/2015,28,65,95,47,99,S24_4278
24/10/2015,37,51,48,27,99,S24_4620
25/10/2015,34,53,74,62,127,S24_4620
26/10/2015,22,58,71,37,136,S24_4620
27/10/2015,29,44,60,68,108,S24_4620
28/10/2015,34,75,94,42,146,S24_4620
29/10/2015,38,100,125,40,145,S24_4620
30/10/2015,41,50,50,17,125,S24_4620
31/10/2015,42,31,51,29,73,S24_4620
01/11/2015,28,48,72,32,96,S24_4620
02/11/2015,38,30,51,22,105,S24_4620
03/11/2015,23,36,38,34,82,S24_4620
04/11/2015,31,67,106,53,115,S24_4620
05/11/2015,46,40,44,27,53,S24_4620
06/11/2015,48,38,38,29,48,S24_4620
07/11/2015,29,36,53,26,77,S24_4620
08/11/2015,46,71,80,50,160,S24_4620
09/11/2015,26,68,76,28,100,S24_4620
10/11/2015,18,39,52,34,75,S24_4620
11/11/2015,32,38,67,35,112,S24_4620
12/11/2015,21,67,67,48,93,S24_4620
13/11/2015,46,45,95,32,176,S24_4620
14/11/2015,42,22,33,35,62,S24_4620
15/11/2015,31,58,86,40,133,S24_4620
16/11/2015,38,60,67,21,105,S24_4620
17/11/2015,38,70,78,22,130,S32_1268
18/11/2015,20,42,46,19,57,S32_1268
19/11/2015,46,33,48,43,58,S32_1268
20/11/2015,30,33,57,18,96,S32_1268
21/11/2015,30,82,94,21,127,S32_1268
22/11/2015,43,27,54,14,70,S32_1268
23/11/2015,49,46,46,12,76,S32_1268
24/11/2015,43,42,62,14,101,S32_1268
25/11/2015,37,57,84,42,91,S32_1268
26/11/2015,35,54,74,22,109,S32_1268
27/11/2015,34,43,70,39,144,S32_1268
28/11/2015,38,77,101,48,154,S32_1268
29/11/2015,44,82,69,47,103,S32_1268
30/11/2015,21,43,68,47,81,S32_1268
01/12/2015,44,56,56,22,85,S32_1268
02/12/2015,25,36,39,23,94,S32_1268
03/12/2015,24,76,80,46,106,S32_1268
04/12/2015,38,51,51,42,109,S32_1268
05/12/2015,45,78,97,23,115,S32_1268
06/12/2015,51,48,96,64,96,S32_1268
07/12/2015,34,41,73,44,78,S32_1268
08/12/2015,44,66,89,47,127,S32_1268
09/12/2015,44,42,52,39,78,S32_1268
10/12/2015,38,45,70,20,78,S32_1268
11/12/2015,31,50,79,40,83,S32_1268
12/12/2015,48,38,60,23,88,S32_1268
13/12/2015,21,50,90,54,144,S32_1268
14/12/2015,40,70,82,62,94,S32_1374
15/12/2015,40,75,110,44,119,S32_1374
16/12/2015,50,29,40,11,57,S32_1374
17/12/2015,20,35,84,28,109,S32_1374
18/12/2015,48,56,60,52,148,S32_1374
19/12/2015,47,42,44,36,59,S32_1374
20/12/2015,21,58,83,47,126,S32_1374
21/12/2015,39,56,63,56,106,S32_1374
22/12/2015,44,64,78,44,172,S32_1374
23/12/2015,28,22,48,28,66,S32_1374
24/12/2015,45,49,55,15,84,S32_1374
25/12/2015,20,59,73,20,112,S32_1374
26/12/2015,38,28,45,25,70,S32_1374
27/12/2015,26,65,65,24,99,S32_1374
28/12/2015,44,75,99,42,127,S32_1374
29/12/2015,49,24,58,19,58,S32_1374
30/12/2015,22,58,86,22,144,S32_1374
31/12/2015,31,56,80,28,132,S32_1374
01/01/2016,41,68,80,27,137,S32_1374
02/01/2016,25,52,90,43,129,S32_1374
03/01/2016,31,48,110,70,172,S32_1374
04/01/2016,41,69,103,65,146,S32_1374
05/01/2016,43,27,34,36,53,S32_1374
06/01/2016,43,43,86,51,101,S32_1374
07/01/2016,24,80,75,80,108,S32_2206
08/01/2016,21,51,51,51,105,S32_2206
09/01/2016,23,26,44,20,56,S32_2206
10/01/2016,38,23,36,15,80,S32_2206
11/01/2016,31,56,88,36,144,S32_2206
12/01/2016,36,48,60,34,84,S32_2206
13/01/2016,36,48,70,44,119,S32_2206
14/01/2016,34,64,78,78,152,S32_2206
15/01/2016,21,54,48,22,115,S32_2206
16/01/2016,45,78,97,51,106,S32_2206
17/01/2016,26,61,51,31,129,S32_2206
18/01/2016,50,41,54,35,62,S32_2206
19/01/2016,41,46,59,40,116,S32_2206
20/01/2016,39,35,41,14,74,S32_2206
21/01/2016,22,42,53,42,104,S32_2206
22/01/2016,46,68,51,31,99,S32_2206
23/01/2016,44,68,54,43,104,S32_2206
24/01/2016,25,34,44,39,62,S32_2206
25/01/2016,39,26,44,31,78,S32_2206
26/01/2016,37,53,68,22,105,S32_2206
27/01/2016,31,31,64,17,76,S32_2206
28/01/2016,47,41,61,37,82,S32_2206
29/01/2016,24,70,85,19,133,S32_2206
30/01/2016,36,34,42,30,74,S32_2206
31/01/2016,48,54,78,27,105,S32_2206
01/02/2016,28,26,53,17,91,S32_2509
02/02/2016,48,90,100,70,135,S32_2509
03/02/2016,21,32,57,41,97,S32_2509
04/02/2016,25,49,47,36,70,S32_2509
05/02/2016,25,25,50,23,80,S32_2509
06/02/2016,31,59,63,19,137,S32_2509
07/02/2016,40,42,42,13,68,S32_2509
08/02/2016,32,46,106,69,115,S32_2509
09/02/2016,24,47,86,39,120,S32_2509
10/02/2016,42,35,70,29,81,S32_2509
11/02/2016,21,44,75,31,109,S32_2509
12/02/2016,34,42,60,28,123,S32_2509
13/02/2016,27,30,40,16,80,S32_2509
14/02/2016,30,86,72,36,108,S32_2509
15/02/2016,39,36,79,26,89,S32_2509
16/02/2016,20,32,46,21,53,S32_2509
17/02/2016,37,62,92,70,114,S32_2509
18/02/2016,46,48,53,18,90,S32_2509
19/02/2016,47,62,70,25,164,S32_2509
20/02/2016,11,67,110,48,149,S32_2509
21/02/2016,23,38,55,32,102,S32_2509
22/02/2016,29,40,43,15,85,S32_2509
23/02/2016,38,35,53,30,90,S32_2509
24/02/2016,32,79,66,75,172,S32_2509
25/02/2016,43,30,55,43,80,S32_2509
26/02/2016,31,20,30,10,52,S32_2509
27/02/2016,29,52,49,32,67,S32_2509
28/02/2016,31,62,62,22,99,S32_2509
29/02/2016,30,50,68,50,137,S32_3207
01/03/2016,50,41,46,16,76,S32_3207
02/03/2016,40,50,125,45,190,S32_3207
03/03/2016,23,73,108,56,155,S32_3207
04/03/2016,26,75,103,28,150,S32_3207
05/03/2016,40,61,68,27,106,S32_3207
06/03/2016,21,57,68,34,148,S32_3207
07/03/2016,43,48,45,30,84,S32_3207
08/03/2016,29,33,63,56,79,S32_3207
09/03/2016,38,48,72,29,149,S32_3207
10/03/2016,23,55,87,55,120,S32_3207
11/03/2016,20,28,46,10,72,S32_3207
12/03/2016,36,96,115,72,163,S32_3207
13/03/2016,28,49,54,16,86,S32_3207
14/03/2016,44,46,68,30,95,S32_3207
15/03/2016,49,29,34,23,82,S32_3207
16/03/2016,32,25,38,25,83,S32_3207
17/03/2016,34,66,86,45,164,S32_3207
18/03/2016,30,49,51,38,89,S32_3207
19/03/2016,29,24,58,12,82,S32_3207
20/03/2016,22,37,44,12,83,S32_3207
21/03/2016,26,21,40,36,78,S32_3207
22/03/2016,32,86,73,73,103,S32_3207
23/03/2016,29,54,86,25,119,S32_3207
24/03/2016,34,92,92,60,170,S32_3207
25/03/2016,24,47,56,53,81,S32_3207
26/03/2016,24,41,61,34,99,S32_3522
27/03/2016,33,58,61,17,113,S32_3522
28/03/2016,26,59,92,67,105,S32_3522
29/03/2016,40,48,54,20,119,S32_3522
30/03/2016,44,50,73,26,92,S32_3522
31/03/2016,24,39,66,43,125,S32_3522
01/04/2016,20,40,65,29,130,S32_3522
02/04/2016,34,46,61,65,125,S32_3522
03/04/2016,34,56,59,22,85,S32_3522
04/04/2016,45,50,95,59,104,S32_3522
05/04/2016,41,65,90,22,112,S32_3522
06/04/2016,55,20,44,32,56,S32_3522
07/04/2016,23,75,113,38,127,S32_3522
08/04/2016,24,24,46,18,57,S32_3522
09/04/2016,32,49,68,46,106,S32_3522
10/04/2016,29,43,73,39,168,S32_3522
11/04/2016,36,66,83,23,125,S32_3522
12/04/2016,46,86,108,50,162,S32_3522
13/04/2016,32,40,78,31,112,S32_3522
14/04/2016,34,42,55,13,77,S32_3522
15/04/2016,24,57,51,45,90,S32_3522
16/04/2016,40,78,82,55,117,S32_3522
17/04/2016,26,38,44,36,55,S32_3522
18/04/2016,20,25,44,13,50,S32_3522
19/04/2016,31,90,115,55,195,S32_3522
20/04/2016,22,36,56,23,106,S32_3522
21/04/2016,42,29,58,41,58,S32_3522
22/04/2016,26,77,104,63,176,S32_4289
23/04/2016,37,40,55,38,60,S32_4289
24/04/2016,38,51,80,51,128,S32_4289
25/04/2016,35,45,99,41,149,S32_4289
26/04/2016,33,48,81,37,96,S32_4289
27/04/2016,39,66,76,17,132,S32_4289
28/04/2016,45,78,78,59,118,S32_4289
29/04/2016,24,36,51,51,78,S32_4289
30/04/2016,35,51,48,36,108,S32_4289
01/05/2016,23,86,90,56,151,S32_4289
02/05/2016,37,68,100,32,108,S32_4289
03/05/2016,55,80,113,80,118,S32_4289
04/05/2016,49,32,41,38,81,S32_4289
05/05/2016,26,50,59,46,96,S32_4289
06/05/2016,33,46,83,43,129,S32_4289
07/05/2016,37,34,62,37,102,S32_4289
08/05/2016,22,38,65,41,105,S32_4289
09/05/2016,85,49,72,65,133,S32_4289
10/05/2016,22,40,38,12,66,S32_4289
11/05/2016,31,65,83,58,130,S32_4289
12/05/2016,38,61,103,66,108,S32_4289
13/05/2016,45,41,43,32,92,S32_4289
14/05/2016,31,64,108,74,172,S32_4289
15/05/2016,36,40,38,24,50,S32_4289
16/05/2016,46,41,78,51,129,S32_4485
17/05/2016,32,78,74,35,140,S32_4485
18/05/2016,39,42,65,65,95,S32_4485
19/05/2016,50,56,78,52,115,S32_4485
20/05/2016,46,70,81,63,118,S32_4485
21/05/2016,36,31,39,23,86,S32_4485
22/05/2016,29,55,86,27,105,S32_4485
23/05/2016,32,68,90,27,122,S32_4485
24/05/2016,44,53,72,49,110,S32_4485
25/05/2016,42,38,44,19,78,S32_4485
26/05/2016,47,72,95,45,153,S32_4485
27/05/2016,44,53,98,66,119,S32_4485
28/05/2016,43,39,37,37,78,S32_4485
29/05/2016,48,62,74,21,115,S32_4485
30/05/2016,21,88,101,35,163,S32_4485
31/05/2016,50,36,36,38,72,S32_4485
01/06/2016,29,75,84,48,150,S32_4485
02/06/2016,41,43,83,47,101,S32_4485
03/06/2016,37,82,103,26,120,S32_4485
04/06/2016,22,48,96,36,100,S32_4485
05/06/2016,31,27,46,24,73,S32_4485
06/06/2016,42,37,82,44,78,S32_4485
07/06/2016,42,40,72,50,122,S32_4485
08/06/2016,45,40,32,22,68,S32_4485
09/06/2016,36,43,90,47,86,S32_4485
10/06/2016,20,56,72,48,120,S50_1341
11/06/2016,39,53,45,34,92,S50_1341
12/06/2016,42,48,78,51,99,S50_1341
13/06/2016,23,41,39,35,53,S50_1341
14/06/2016,26,32,64,38,113,S50_1341
15/06/2016,33,41,44,41,81,S50_1341
16/06/2016,31,70,86,62,129,S50_1341
17/06/2016,50,84,105,42,126,S50_1341
18/06/2016,44,62,53,31,102,S50_1341
19/06/2016,45,56,63,49,119,S50_1341
20/06/2016,46,40,59,25,87,S50_1341
21/06/2016,27,45,50,30,93,S50_1341
22/06/2016,28,66,63,23,129,S50_1341
23/06/2016,40,50,79,26,116,S50_1341
24/06/2016,30,87,74,51,138,S50_1341
25/06/2016,34,66,118,75,188,S50_1341
26/06/2016,46,44,40,15,77,S50_1341
27/06/2016,32,34,43,34,62,S50_1341
28/06/2016,27,31,58,14,58,S50_1341
29/06/2016,34,36,79,43,83,S50_1341
30/06/2016,34,88,83,29,132,S50_1341
01/07/2016,34,55,101,29,168,S50_1341
02/07/2016,46,84,88,29,164,S50_1341
03/07/2016,32,49,70,37,160,S50_1341
04/07/2016,24,47,108,30,125,S50_1341
05/07/2016,27,29,44,19,82,S50_1341
06/07/2016,20,57,76,42,99,S50_1392
07/07/2016,36,55,70,27,129,S50_1392
08/07/2016,29,34,55,34,104,S50_1392
09/07/2016,25,42,64,29,109,S50_1392
10/07/2016,29,64,123,69,118,S50_1392
11/07/2016,25,86,115,58,168,S50_1392
12/07/2016,44,53,50,23,106,S50_1392
13/07/2016,47,53,82,29,120,S50_1392
14/07/2016,48,24,50,32,60,S50_1392
15/07/2016,45,64,48,48,109,S50_1392
16/07/2016,35,53,48,17,81,S50_1392
17/07/2016,31,40,56,40,74,S50_1392
18/07/2016,50,53,74,21,133,S50_1392
19/07/2016,33,25,55,18,71,S50_1392
20/07/2016,29,58,61,58,119,S50_1392
21/07/2016,48,75,95,35,145,S50_1392
22/07/2016,44,44,58,23,116,S50_1392
23/07/2016,25,49,81,25,112,S50_1392
24/07/2016,50,62,115,72,110,S50_1392
25/07/2016,23,48,68,31,82,S50_1392
26/07/2016,21,45,62,29,94,S50_1392
27/07/2016,41,33,50,30,125,S50_1392
28/07/2016,44,46,53,22,72,S50_1392
29/07/2016,43,51,69,46,138,S50_1392
30/07/2016,28,39,39,21,96,S50_1392
31/07/2016,43,70,70,53,141,S50_1392
01/08/2016,48,51,82,58,82,S50_1392
02/08/2016,38,50,108,45,144,S50_1392
03/08/2016,31,25,58,37,85,S50_1514
04/08/2016,26,94,89,56,183,S50_1514
05/08/2016,32,50,58,18,85,S50_1514
06/08/2016,44,41,62,30,95,S50_1514
07/08/2016,27,54,67,19,115,S50_1514
08/08/2016,43,28,50,36,101,S50_1514
09/08/2016,25,58,61,27,99,S50_1514
10/08/2016,22,35,73,23,70,S50_1514
11/08/2016,21,48,45,18,88,S50_1514
12/08/2016,48,52,94,80,122,S50_1514
13/08/2016,33,29,40,36,67,S50_1514
14/08/2016,34,41,51,31,119,S50_1514
15/08/2016,43,37,62,50,124,S50_1514
16/08/2016,44,41,57,16,92,S50_1514
17/08/2016,44,50,75,65,200,S50_1514
18/08/2016,32,36,54,42,78,S50_1514
19/08/2016,29,65,61,31,133,S50_1514
20/08/2016,77,43,58,26,70,S50_1514
21/08/2016,39,50,76,33,132,S50_1514
22/08/2016,39,30,44,30,83,S50_1514
23/08/2016,36,42,97,55,109,S50_1514
24/08/2016,42,47,61,50,126,S50_1514
25/08/2016,21,83,118,29,152,S50_1514
26/08/2016,50,26,65,13,68,S50_1514
27/08/2016,24,38,46,34,74,S50_1514
28/08/2016,44,50,72,40,137,S50_1514
29/08/2016,37,38,42,34,71,S50_4713
30/08/2016,27,33,53,29,70,S50_4713
31/08/2016,37,32,48,25,53,S50_4713
01/09/2016,38,34,56,53,74,S50_4713
02/09/2016,48,40,48,20,62,S50_4713
03/09/2016,30,35,64,38,77,S50_4713
04/09/2016,25,44,65,26,68,S50_4713
05/09/2016,40,50,76,25,139,S50_4713
06/09/2016,22,34,78,17,126,S50_4713
07/09/2016,34,38,53,19,77,S50_4713
08/09/2016,32,35,40,22,51,S50_4713
09/09/2016,31,66,103,52,179,S50_4713
10/09/2016,43,27,42,21,69,S50_4713
11/09/2016,31,38,38,33,83,S50_4713
12/09/2016,31,54,70,48,93,S50_4713
13/09/2016,34,51,51,16,99,S50_4713
14/09/2016,45,30,35,37,92,S50_4713
15/09/2016,48,47,47,44,101,S50_4713
16/09/2016,28,50,64,31,84,S50_4713
17/09/2016,22,42,74,25,91,S50_4713
18/09/2016,45,54,68,36,113,S50_4713
19/09/2016,30,34,42,32,64,S50_4713
20/09/2016,38,36,57,51,75,S50_4713
21/09/2016,20,51,58,37,122,S50_4713
22/09/2016,28,52,113,52,127,S50_4713
23/09/2016,24,36,63,51,96,S700_1138
24/09/2016,22,36,62,42,104,S700_1138
25/09/2016,35,49,88,74,142,S700_1138
26/09/2016,33,51,75,36,99,S700_1138
27/09/2016,31,49,83,44,191,S700_1138
28/09/2016,35,28,30,30,62,S700_1138
29/09/2016,35,46,38,34,72,S700_1138
30/09/2016,50,52,90,52,103,S700_1138
01/10/2016,26,98,74,54,172,S700_1138
02/10/2016,38,39,70,66,90,S700_1138
03/10/2016,45,42,32,19,78,S700_1138
04/10/2016,30,76,67,46,109,S700_1138
05/10/2016,37,39,57,27,96,S700_1138
06/10/2016,37,30,51,41,62,S700_1138
07/10/2016,36,74,86,25,156,S700_1138
08/10/2016,25,31,42,23,101,S700_1138
09/10/2016,37,42,63,60,130,S700_1138
10/10/2016,30,33,38,40,100,S700_1138
11/10/2016,36,44,35,12,62,S700_1138
12/10/2016,27,36,73,43,86,S700_1138
13/10/2016,48,59,86,35,121,S700_1138
14/10/2016,26,58,80,26,86,S700_1138
15/10/2016,26,32,44,18,60,S700_1138
16/10/2016,34,76,101,59,109,S700_1138
17/10/2016,44,78,103,74,147,S700_1138
18/10/2016,39,59,50,50,115,S700_1138
19/10/2016,45,29,55,23,96,S700_1691
20/10/2016,40,22,44,33,81,S700_1691
21/10/2016,42,60,64,52,152,S700_1691
22/10/2016,43,34,53,31,84,S700_1691
23/10/2016,34,52,95,56,133,S700_1691
24/10/2016,38,34,78,25,84,S700_1691
25/10/2016,35,85,100,80,160,S700_1691
26/10/2016,31,34,34,26,78,S700_1691
27/10/2016,32,70,115,85,120,S700_1691
28/10/2016,47,61,85,75,160,S700_1691
29/10/2016,39,55,58,38,99,S700_1691
30/10/2016,44,65,95,53,148,S700_1691
31/10/2016,39,38,41,24,62,S700_1691
01/11/2016,50,43,90,52,138,S700_1691
02/11/2016,22,68,68,23,144,S700_1691
03/11/2016,35,28,41,18,60,S700_1691
04/11/2016,45,46,70,17,73,S700_1691
05/11/2016,44,36,41,36,82,S700_1691
06/11/2016,36,70,94,47,140,S700_1691
07/11/2016,28,49,123,64,127,S700_1691
08/11/2016,43,75,118,42,150,S700_1691
09/11/2016,48,46,53,17,86,S700_1691
10/11/2016,28,32,70,16,109,S700_1691
11/11/2016,21,36,60,41,60,S700_1691
12/11/2016,37,38,61,49,106,S700_1691
13/11/2016,34,75,84,70,141,S700_1691
14/11/2016,40,91,120,67,168,S700_1938
15/11/2016,45,34,56,43,115,S700_1938
16/11/2016,28,34,34,32,59,S700_1938
17/11/2016,29,53,50,53,99,S700_1938
18/11/2016,48,36,42,31,75,S700_1938
19/11/2016,31,61,72,29,119,S700_1938
20/11/2016,32,52,74,52,141,S700_1938
21/11/2016,21,25,48,35,88,S700_1938
22/11/2016,32,57,75,24,105,S700_1938
23/11/2016,43,28,46,12,67,S700_1938
24/11/2016,21,40,59,53,105,S700_1938
25/11/2016,34,36,47,39,96,S700_1938
26/11/2016,34,90,77,68,158,S700_1938
27/11/2016,44,74,70,44,133,S700_1938
28/11/2016,27,36,48,24,87,S700_1938
29/11/2016,49,62,78,70,144,S700_1938
30/11/2016,23,42,42,11,55,S700_1938
01/12/2016,25,78,66,41,164,S700_1938
02/12/2016,50,52,44,18,73,S700_1938
03/12/2016,34,57,66,45,135,S700_1938
04/12/2016,20,52,60,31,99,S700_1938
05/12/2016,42,52,113,52,174,S700_1938
06/12/2016,25,41,74,19,141,S700_1938
07/12/2016,50,28,51,16,60,S700_1938
08/12/2016,32,36,44,23,63,S700_1938
09/12/2016,39,57,66,26,163,S700_2047
10/12/2016,50,91,120,43,158,S700_2047
11/12/2016,38,41,67,20,99,S700_2047
12/12/2016,40,40,100,36,116,S700_2047
13/12/2016,28,62,106,82,158,S700_2047
14/12/2016,42,59,98,20,101,S700_2047
15/12/2016,42,41,51,30,95,S700_2047
16/12/2016,36,52,55,42,88,S700_2047
17/12/2016,24,85,120,70,195,S700_2047
18/12/2016,23,53,68,53,118,S700_2047
19/12/2016,29,64,70,29,99,S700_2047
20/12/2016,37,62,74,37,148,S700_2047
21/12/2016,33,46,56,18,98,S700_2047
22/12/2016,32,50,62,31,109,S700_2047
23/12/2016,35,64,101,74,147,S700_2047
24/12/2016,40,48,36,19,77,S700_2047
25/12/2016,37,90,90,77,171,S700_2047
26/12/2016,42,46,50,36,91,S700_2047
27/12/2016,20,35,46,11,70,S700_2047
28/12/2016,29,49,113,34,123,S700_2047
29/12/2016,43,42,48,32,80,S700_2047
30/12/2016,34,46,58,23,110,S700_2047
31/12/2016,47,48,51,45,93,S700_2047
